{
"type": "FeatureCollection",
"name": "contour2",
"crs": { "type": "name", "properties": { "name": "urn:ogc:def:crs:EPSG::2154" } },
"features": [
{ "type": "Feature", "properties": { "com_name_lo": "saint-servais" }, "geometry": { "type": "MultiPolygon", "coordinates": [ [ [ [ 172396.200000095181167, 6844443.200001046061516 ], [ 172305.60000009520445, 6844477.200001046992838 ], [ 172214.300000095390715, 6844524.600001045502722 ], [ 172120.700000095181167, 6844595.200001045130193 ], [ 172076.500000095344149, 6844645.800001046620309 ], [ 172082.900000095251016, 6844728.200001046061516 ], [ 172064.300000095390715, 6844832.200001046992838 ], [ 172034.700000095413998, 6844902.90000104624778 ], [ 171989.700000095064752, 6844971.6000010445714 ], [ 171936.700000095064752, 6844985.500001043081284 ], [ 171794.900000095367432, 6844931.000001044943929 ], [ 171704.200000095181167, 6844912.100001043640077 ], [ 171653.700000095413998, 6844875.100001046434045 ], [ 171623.900000095367432, 6844878.000001044943929 ], [ 171586.400000095367432, 6844857.300001045688987 ], [ 171536.200000095181167, 6844865.700001044198871 ], [ 171496.500000095227733, 6844850.800001046620309 ], [ 171433.000000095344149, 6844849.100001046434045 ], [ 171453.200000095413998, 6844894.90000104624778 ], [ 171488.200000095413998, 6844904.600001045502722 ], [ 171548.800000095274299, 6845100.000001044012606 ], [ 171524.900000095367432, 6845245.1000010445714 ], [ 171473.300000095274299, 6845218.6000010445714 ], [ 171459.400000095251016, 6845278.600001043640077 ], [ 171488.100000095320866, 6845344.300001044757664 ], [ 171531.200000095181167, 6845360.000001044012606 ], [ 171538.400000095251016, 6845377.600001042708755 ], [ 171634.900000095251016, 6845440.6000010445714 ], [ 171620.000000095227733, 6845461.300001044757664 ], [ 171613.000000095111318, 6845509.000001044943929 ], [ 171623.000000095111318, 6845550.200001043267548 ], [ 171599.900000095134601, 6845593.200001043267548 ], [ 171580.400000095134601, 6845667.200001041404903 ], [ 171595.500000094994903, 6845704.000001042149961 ], [ 171585.500000095111318, 6845760.200001043267548 ], [ 171566.60000009520445, 6845789.900001044385135 ], [ 171557.10000009497162, 6845842.500001043081284 ], [ 171492.000000095227733, 6845909.200001043267548 ], [ 171461.500000095111318, 6845963.600001041777432 ], [ 171406.000000095227733, 6846000.200001044198871 ], [ 171365.700000095064752, 6846056.200001041404903 ], [ 171353.900000095134601, 6846109.700001041404903 ], [ 171332.60000009497162, 6846152.000001040287316 ], [ 171244.90000009490177, 6846275.000001040287316 ], [ 171196.400000095018186, 6846309.700001041404903 ], [ 171164.500000095344149, 6846353.800001043826342 ], [ 171120.000000095227733, 6846386.100001041777432 ], [ 171120.300000095041469, 6846461.700001041404903 ], [ 170937.500000095227733, 6846455.800001041032374 ], [ 170861.500000094994903, 6846477.100001039914787 ], [ 170843.400000095134601, 6846496.800001040101051 ], [ 170845.400000095251016, 6846617.700001042336226 ], [ 170775.400000095251016, 6846612.300001041032374 ], [ 170661.10000009497162, 6846573.20000104047358 ], [ 170626.10000009497162, 6846568.500001040287316 ], [ 170595.800000095041469, 6846528.800001040101051 ], [ 170536.200000095181167, 6846568.20000104047358 ], [ 170560.800000095274299, 6846653.000001041218638 ], [ 170516.200000095064752, 6846698.300001040101051 ], [ 170496.200000095181167, 6846698.400001040659845 ], [ 170455.900000095134601, 6846653.800001040101051 ], [ 170436.000000094994903, 6846664.000001040287316 ], [ 170391.700000095064752, 6846754.300001040101051 ], [ 170436.800000095274299, 6846763.900001041591167 ], [ 170517.200000095181167, 6846823.200001041404903 ], [ 170592.500000094878487, 6846858.600001038052142 ], [ 170596.600000095088035, 6846873.500001040287316 ], [ 170507.10000009497162, 6846928.200001041404903 ], [ 170487.300000095041469, 6846958.400001039728522 ], [ 170468.000000095111318, 6847038.500001039355993 ], [ 170433.40000009490177, 6847083.700001038610935 ], [ 170363.700000094948336, 6847119.200001039542258 ], [ 170318.10000009520445, 6847169.600001038983464 ], [ 170323.200000095181167, 6847184.500001041218638 ], [ 170383.500000095111318, 6847219.000001039355993 ], [ 170438.800000095157884, 6847268.500001039355993 ], [ 170434.000000094994903, 6847283.600001038983464 ], [ 170369.400000095018186, 6847329.100001038983464 ], [ 170349.60000009520445, 6847354.200001039542258 ], [ 170349.900000095018186, 6847399.200001038610935 ], [ 170394.400000095018186, 6847463.800001039169729 ], [ 170611.000000094878487, 6847677.900001037865877 ], [ 170646.200000094715506, 6847702.600001038052142 ], [ 170670.500000094878487, 6847747.400001036934555 ], [ 170701.300000094692223, 6847842.100001036189497 ], [ 170746.800000094925053, 6847917.700001037679613 ], [ 170656.900000094785355, 6847922.400001036934555 ], [ 170636.700000094599091, 6847892.600001036189497 ], [ 170607.000000094762072, 6847922.800001036375761 ], [ 170576.300000094808638, 6847838.100001037120819 ], [ 170491.500000094994903, 6847858.700001037679613 ], [ 170456.800000094808638, 6847893.000001037493348 ], [ 170427.500000094878487, 6847973.200001037679613 ], [ 170376.700000094831921, 6847998.600001035258174 ], [ 170382.10000009497162, 6848048.500001037493348 ], [ 170292.40000009490177, 6848069.200001035816967 ], [ 170292.500000094762072, 6848089.20000103674829 ], [ 170353.200000094831921, 6848183.600001035258174 ], [ 170278.000000094645657, 6848279.20000103674829 ], [ 170258.100000094855204, 6848279.300001036375761 ], [ 170222.800000095041469, 6848244.600001036189497 ], [ 170193.400000094785355, 6848319.800001035444438 ], [ 170198.500000094878487, 6848334.800001036375761 ], [ 170284.300000094808638, 6848439.00000103469938 ], [ 170319.300000094692223, 6848433.800001035444438 ], [ 170368.90000009490177, 6848398.400001037865877 ], [ 170518.200000094715506, 6848323.200001035816967 ], [ 170518.60000009497162, 6848248.300001037307084 ], [ 170543.500000094762072, 6848233.100001036189497 ], [ 170685.800000094692223, 6848191.800001036375761 ], [ 170615.300000094575807, 6848438.000001035630703 ], [ 170543.700000094599091, 6848504.900001034140587 ], [ 170566.600000094622374, 6848531.800001034513116 ], [ 170733.100000094622374, 6848480.600001036189497 ], [ 171137.100000094738789, 6848530.300001035444438 ], [ 171250.100000094389543, 6848536.800001035444438 ], [ 171270.100000094156712, 6848744.900001033209264 ], [ 171290.300000094459392, 6848769.700001035816967 ], [ 171365.600000094389543, 6848804.100001034326851 ], [ 171317.500000094412826, 6848946.700001033954322 ], [ 171309.300000094342977, 6848945.000001033768058 ], [ 171276.70000009436626, 6849059.700001034885645 ], [ 171277.200000094482675, 6849124.600001034326851 ], [ 171321.500000094412826, 6849169.200001033954322 ], [ 171396.600000094273128, 6849183.600001032464206 ], [ 171421.800000094575807, 6849208.400001033209264 ], [ 171647.500000094296411, 6849312.500001032836735 ], [ 171737.600000094273128, 6849341.800001033581793 ], [ 171797.900000094203278, 6849502.200001032091677 ], [ 171817.800000094342977, 6849497.100001033395529 ], [ 171943.000000094179995, 6849406.100001033395529 ], [ 171987.500000094179995, 6849345.800001032650471 ], [ 172113.400000094203278, 6849470.700001032091677 ], [ 172157.900000094203278, 6849530.300001032650471 ], [ 172228.400000094203278, 6849599.700001033023 ], [ 172283.700000094133429, 6849635.800001032650471 ], [ 172247.700000094017014, 6849694.200001032091677 ], [ 172207.600000094040297, 6849799.000001031905413 ], [ 172180.400000093737617, 6849808.30000102892518 ], [ 172125.700000094017014, 6849846.400001030415297 ], [ 172072.100000094040297, 6849852.600001030601561 ], [ 172067.100000094040297, 6849871.400001031346619 ], [ 172012.200000094017014, 6849907.800001030787826 ], [ 172078.700000093667768, 6850049.700001030229032 ], [ 172120.100000093923882, 6850110.100001029670238 ], [ 172151.200000093900599, 6850121.30000102892518 ], [ 172197.800000093993731, 6850188.500001029111445 ], [ 172232.400000093737617, 6850221.30000102892518 ], [ 172271.300000094110146, 6850230.400001031346619 ], [ 172287.500000093947165, 6850280.900001030415297 ], [ 172245.300000093993731, 6850304.000001030042768 ], [ 172246.200000093900599, 6850380.700001031160355 ], [ 172231.500000093947165, 6850490.100001029670238 ], [ 172358.400000093854032, 6850505.700001029297709 ], [ 172366.500000093947165, 6850612.500001030042768 ], [ 172346.600000093807466, 6850721.100001028738916 ], [ 172549.500000093830749, 6850758.200001028366387 ], [ 172545.000000093714334, 6850791.200001028366387 ], [ 172518.400000093854032, 6850831.400001029483974 ], [ 172496.8000000937609, 6850893.500001029111445 ], [ 172493.400000093854032, 6850940.200001030229032 ], [ 172558.200000093784183, 6850942.400001030415297 ], [ 172653.600000093691051, 6850990.600001026876271 ], [ 172670.100000093574636, 6850973.100001028738916 ], [ 172740.000000093714334, 6850962.700001029297709 ], [ 172769.400000093621202, 6851017.400001028552651 ], [ 172790.000000093481503, 6851097.200001027435064 ], [ 172801.000000093597919, 6851199.200001027435064 ], [ 172861.100000093691051, 6851182.600001027807593 ], [ 172899.800000093644485, 6851123.100001027807593 ], [ 172957.10000009345822, 6851085.700001028366387 ], [ 173017.300000093411654, 6851068.300001026131213 ], [ 173104.900000093504786, 6851063.5000010272488 ], [ 173168.600000093574636, 6851041.400001028552651 ], [ 173192.000000093597919, 6851016.400001028552651 ], [ 173254.000000093597919, 6850990.700001028366387 ], [ 173280.900000093504786, 6850911.200001029297709 ], [ 173332.300000093411654, 6850906.0000010272488 ], [ 173338.200000093551353, 6850860.900001028552651 ], [ 173366.900000093621202, 6850829.700001029297709 ], [ 173422.000000093597919, 6850821.400001030415297 ], [ 173447.000000093714334, 6850801.200001030229032 ], [ 173452.000000093597919, 6850758.800001027062535 ], [ 173338.200000093551353, 6850660.100001028738916 ], [ 173302.700000093434937, 6850594.400001027621329 ], [ 173282.600000093574636, 6850434.600001028738916 ], [ 173343.900000093737617, 6850314.400001031346619 ], [ 173417.600000093691051, 6850123.300001029856503 ], [ 173405.100000093807466, 6850030.000001030042768 ], [ 173475.000000093597919, 6850019.400001030415297 ], [ 173444.400000093621202, 6849944.700001030229032 ], [ 173434.500000093830749, 6849834.900001033209264 ], [ 173534.400000093854032, 6849824.100001030601561 ], [ 173559.100000093807466, 6849793.900001032277942 ], [ 173628.400000093854032, 6849772.800001031719148 ], [ 173672.900000093737617, 6849810.000001031905413 ], [ 173734.000000093714334, 6849798.500001030042768 ], [ 173733.8000000937609, 6849773.500001030042768 ], [ 173673.400000093737617, 6849713.000001030042768 ], [ 173598.100000093807466, 6849673.700001031160355 ], [ 173458.100000093691051, 6849659.800001030787826 ], [ 173397.900000093854032, 6849634.300001032650471 ], [ 173362.900000093854032, 6849499.700001032091677 ], [ 173346.600000094040297, 6849339.900001033209264 ], [ 173345.900000093970448, 6849005.100001032464206 ], [ 173305.100000094040297, 6848905.500001033768058 ], [ 173209.800000094342977, 6848731.400001036003232 ], [ 173144.100000094040297, 6848641.000001035630703 ], [ 173098.500000094179995, 6848561.400001035071909 ], [ 173063.600000094156712, 6848441.700001035816967 ], [ 173033.300000094342977, 6848407.000001035630703 ], [ 173007.900000094203278, 6848347.200001034885645 ], [ 172982.000000094296411, 6848112.600001036189497 ], [ 172951.400000094319694, 6848041.900001036934555 ], [ 172880.800000094342977, 6847952.500001035630703 ], [ 172876.600000094389543, 6847755.300001036375761 ], [ 172821.400000094436109, 6847605.70000103674829 ], [ 172811.300000094575807, 6847529.200001037679613 ], [ 172816.300000094459392, 6847460.400001037865877 ], [ 172795.200000094482675, 6847399.000001039355993 ], [ 172838.20000009436626, 6847373.200001037679613 ], [ 172767.600000094389543, 6847178.900001037865877 ], [ 172742.300000094692223, 6847138.100001038983464 ], [ 172731.90000009466894, 6847088.300001040101051 ], [ 172746.600000094505958, 6846928.200001039542258 ], [ 172724.200000094482675, 6846829.400001039728522 ], [ 172750.500000094529241, 6846710.200001039542258 ], [ 172745.300000094808638, 6846525.800001040101051 ], [ 172798.200000094715506, 6846253.300001041963696 ], [ 172803.40000009490177, 6846148.300001041963696 ], [ 172776.800000094925053, 6845958.600001041777432 ], [ 172747.100000094855204, 6845868.900001043453813 ], [ 172742.300000094808638, 6845807.300001041963696 ], [ 172730.800000094925053, 6845769.200001043267548 ], [ 172758.000000094878487, 6845734.800001042895019 ], [ 172731.200000094948336, 6845661.800001042895019 ], [ 172699.100000094855204, 6845607.900001043453813 ], [ 172663.500000094994903, 6845486.600001043640077 ], [ 172623.000000094994903, 6845254.900001045316458 ], [ 172536.700000095181167, 6845067.100001045502722 ], [ 172504.000000094994903, 6844896.000001044012606 ], [ 172524.300000095390715, 6844736.300001047551632 ], [ 172521.200000095181167, 6844708.000001045875251 ], [ 172461.10000009520445, 6844571.600001045502722 ], [ 172366.700000095181167, 6844580.600001046434045 ], [ 172351.900000095251016, 6844570.100001045502722 ], [ 172363.500000095227733, 6844527.700001045130193 ], [ 172410.300000095390715, 6844491.500001045875251 ], [ 172396.200000095181167, 6844443.200001046061516 ] ] ] ] } },
{ "type": "Feature", "properties": { "com_name_lo": "trégarantec" }, "geometry": { "type": "MultiPolygon", "coordinates": [ [ [ [ 162860.900000094785355, 6854352.500001020729542 ], [ 162873.100000094738789, 6854357.500001020729542 ], [ 162961.700000094948336, 6854342.600001020357013 ], [ 163029.900000094785355, 6854337.300001020543277 ], [ 163090.90000009490177, 6854296.8000010214746 ], [ 163160.40000009466894, 6854293.500001020729542 ], [ 163258.000000094645657, 6854229.600001020357013 ], [ 163246.90000009490177, 6854184.400001020170748 ], [ 163257.700000094831921, 6854136.000001021660864 ], [ 163224.400000094785355, 6854101.100001021288335 ], [ 163244.40000009466894, 6854088.400001022964716 ], [ 163209.300000094808638, 6854053.700001020915806 ], [ 163236.90000009490177, 6854016.500001021660864 ], [ 163228.100000094738789, 6853957.300001022405922 ], [ 163239.500000094645657, 6853924.100001021288335 ], [ 163289.400000094785355, 6853878.200001020915806 ], [ 163312.400000094785355, 6853838.700001021847129 ], [ 163338.40000009466894, 6853821.400001022033393 ], [ 163363.700000094715506, 6853773.600001020357013 ], [ 163346.100000094855204, 6853727.100001022219658 ], [ 163360.200000094948336, 6853696.50000102352351 ], [ 163405.500000094994903, 6853705.60000102315098 ], [ 163447.400000095134601, 6853651.700001024641097 ], [ 163485.600000094738789, 6853651.900001022964716 ], [ 163553.300000094925053, 6853556.8000010214746 ], [ 163560.600000094855204, 6853522.60000102315098 ], [ 163543.500000094878487, 6853478.700001023709774 ], [ 163533.600000094855204, 6853355.50000102352351 ], [ 163543.90000009490177, 6853291.900001023896039 ], [ 163591.10000009497162, 6853230.100001025013626 ], [ 163595.100000094855204, 6853200.900001022964716 ], [ 163676.200000095064752, 6853133.000001024454832 ], [ 163695.700000094948336, 6853151.500001024454832 ], [ 163718.100000094855204, 6853116.200001024641097 ], [ 163733.800000094925053, 6853067.400001022964716 ], [ 163763.700000094831921, 6853059.60000102315098 ], [ 163803.000000094994903, 6852962.30000102519989 ], [ 163876.700000094831921, 6852837.00000102352351 ], [ 163856.300000095041469, 6852776.500001024454832 ], [ 163859.500000094878487, 6852744.100001024082303 ], [ 163845.500000095111318, 6852681.700001027435064 ], [ 163884.700000094948336, 6852596.900001024827361 ], [ 163904.700000094948336, 6852585.100001025944948 ], [ 163894.900000095018186, 6852503.500001025386155 ], [ 163903.000000095227733, 6852448.600001026876271 ], [ 163855.900000095367432, 6852417.5000010272488 ], [ 163815.500000095344149, 6852305.700001027435064 ], [ 163834.900000095134601, 6852241.600001025944948 ], [ 163815.800000095041469, 6852103.900001028552651 ], [ 163820.800000095157884, 6852052.100001027807593 ], [ 163870.800000095390715, 6851954.100001026876271 ], [ 163894.700000095064752, 6851933.100001026876271 ], [ 163935.100000095088035, 6851860.000001026317477 ], [ 163978.10000009520445, 6851800.900001028552651 ], [ 164030.700000095064752, 6851749.300001027062535 ], [ 164040.700000095297582, 6851721.300001029856503 ], [ 164094.000000095111318, 6851677.80000102892518 ], [ 164125.500000095111318, 6851625.0000010272488 ], [ 164130.000000095344149, 6851589.30000102892518 ], [ 164150.400000095134601, 6851576.400001028552651 ], [ 164193.300000095274299, 6851519.300001027993858 ], [ 164131.600000095320866, 6851493.200001029297709 ], [ 163986.200000095181167, 6851550.000001029111445 ], [ 163741.700000095297582, 6851591.200001028366387 ], [ 163665.900000095367432, 6851599.700001028366387 ], [ 163466.900000095483847, 6851589.200001031160355 ], [ 163335.800000095274299, 6851561.600001026876271 ], [ 163263.60000009520445, 6851537.400001028552651 ], [ 162993.100000095553696, 6851389.50000103097409 ], [ 162897.400000095483847, 6851347.80000102892518 ], [ 162771.500000095460564, 6851309.000001028180122 ], [ 162372.00000009580981, 6851263.100001029670238 ], [ 162230.500000095693395, 6851234.300001029856503 ], [ 162021.900000095833093, 6851206.100001029670238 ], [ 161760.900000095716678, 6851161.500001030042768 ], [ 161712.100000095553696, 6851146.700001029297709 ], [ 161663.700000095879659, 6851121.000001031905413 ], [ 161454.800000095856376, 6851272.50000103097409 ], [ 161286.600000095786527, 6851343.200001030229032 ], [ 161243.50000009580981, 6851378.900001029483974 ], [ 161251.50000009580981, 6851554.000001028180122 ], [ 161247.100000095553696, 6851589.600001026876271 ], [ 161204.900000095833093, 6851632.5000010272488 ], [ 161255.600000095553696, 6851714.800001027062535 ], [ 161255.600000095553696, 6851767.100001027807593 ], [ 161382.700000095646828, 6851769.600001027807593 ], [ 161553.000000095693395, 6851960.700001029297709 ], [ 161577.100000095786527, 6852002.200001028366387 ], [ 161693.30000009550713, 6852114.600001027807593 ], [ 161770.100000095320866, 6852252.80000102519989 ], [ 161805.900000095716678, 6852275.000001029111445 ], [ 161848.800000095856376, 6852325.100001028738916 ], [ 161924.30000009550713, 6852344.900001026690006 ], [ 161966.700000095297582, 6852522.700001026503742 ], [ 162049.500000095227733, 6852750.700001025572419 ], [ 162058.300000095274299, 6852841.100001025013626 ], [ 161979.800000095041469, 6853087.900001023896039 ], [ 162040.300000095390715, 6853135.700001025572419 ], [ 162065.400000095134601, 6853134.200001023709774 ], [ 162116.60000009520445, 6853176.600001025013626 ], [ 162160.800000095157884, 6853187.400001024827361 ], [ 162204.200000095064752, 6853242.400001023896039 ], [ 162246.900000095134601, 6853393.200001024641097 ], [ 162282.500000095111318, 6853450.700001024641097 ], [ 162312.900000095251016, 6853477.900001023896039 ], [ 162398.300000095041469, 6853642.000001022592187 ], [ 162428.500000095111318, 6853716.400001023896039 ], [ 162432.300000094925053, 6853758.500001022592187 ], [ 162420.800000095157884, 6853802.100001022219658 ], [ 162383.700000095064752, 6853858.700001023709774 ], [ 162405.400000095134601, 6853990.50000102352351 ], [ 162420.700000094948336, 6854018.50000102352351 ], [ 162486.100000094855204, 6854041.600001022219658 ], [ 162518.100000094855204, 6854074.100001021288335 ], [ 162526.300000094925053, 6854181.8000010214746 ], [ 162517.000000094878487, 6854223.800001020543277 ], [ 162577.90000009490177, 6854282.200001021847129 ], [ 162605.800000094692223, 6854328.500001019798219 ], [ 162802.40000009490177, 6854316.200001021847129 ], [ 162860.900000094785355, 6854352.500001020729542 ] ] ] ] } },
{ "type": "Feature", "properties": { "com_name_lo": "plouédern" }, "geometry": { "type": "MultiPolygon", "coordinates": [ [ [ [ 167572.600000095902942, 6845955.100001042708755 ], [ 167509.200000095879659, 6845959.200001044198871 ], [ 167498.800000096089207, 6845817.200001045130193 ], [ 167476.300000095972791, 6845742.500001044012606 ], [ 167519.400000096065924, 6845592.000001045875251 ], [ 167520.500000096159056, 6845531.500001045875251 ], [ 167451.200000095996074, 6845461.800001043826342 ], [ 167382.400000095949508, 6845451.400001045316458 ], [ 167267.500000096042641, 6845336.700001044198871 ], [ 167207.800000096205622, 6845299.700001045130193 ], [ 167109.400000096065924, 6845291.200001045130193 ], [ 167064.100000096135773, 6845261.200001046061516 ], [ 167041.400000096065924, 6845191.700001045130193 ], [ 167040.600000096135773, 6844898.200001046061516 ], [ 167060.400000096182339, 6844848.000001047737896 ], [ 167065.500000096391886, 6844707.300001047551632 ], [ 167057.600000096368603, 6844495.000001047737896 ], [ 167070.900000096298754, 6844407.500001046806574 ], [ 167117.200000096228905, 6844339.900001049041748 ], [ 167162.900000096531585, 6844234.800001049414277 ], [ 167190.800000096554868, 6844194.10000104829669 ], [ 167294.600000096135773, 6844097.900001047179103 ], [ 167319.200000096461736, 6844050.800001049414277 ], [ 167311.500000096391886, 6843942.700001049786806 ], [ 167367.900000096531585, 6843895.8000010503456 ], [ 167390.100000096601434, 6843849.300001051276922 ], [ 167427.800000096322037, 6843830.600001049228013 ], [ 167444.300000096438453, 6843749.200001049786806 ], [ 167495.500000096391886, 6843776.400001049973071 ], [ 167519.40000009641517, 6843718.200001048855484 ], [ 167502.600000096368603, 6843664.600001049228013 ], [ 167506.900000096298754, 6843600.10000104829669 ], [ 167461.500000096508302, 6843529.700001050718129 ], [ 167433.200000096578151, 6843414.900001051835716 ], [ 167392.400000096764416, 6843300.700001051649451 ], [ 167381.40000009641517, 6843106.600001049228013 ], [ 167344.600000096717849, 6843070.10000105202198 ], [ 167295.800000096787699, 6843061.700001052580774 ], [ 167219.000000096391886, 6843061.700001049786806 ], [ 167132.800000096904114, 6843073.500001052394509 ], [ 167019.400000096648, 6843187.500001052394509 ], [ 166966.300000096554868, 6843185.000001050531864 ], [ 166888.300000096671283, 6843159.900001050904393 ], [ 166793.100000096717849, 6843108.000001052394509 ], [ 166759.900000096880831, 6843070.800001052208245 ], [ 166727.600000096601434, 6842983.500001050531864 ], [ 166739.900000096997246, 6842952.900001054629683 ], [ 166665.300000097020529, 6842848.900001054629683 ], [ 166646.700000096810982, 6842791.900001052767038 ], [ 166593.500000096857548, 6842720.700001053512096 ], [ 166543.800000097020529, 6842683.200001053512096 ], [ 166488.700000097043812, 6842658.600001052953303 ], [ 166466.300000096904114, 6842607.100001052953303 ], [ 166431.900000096997246, 6842589.100001053884625 ], [ 166349.500000096857548, 6842517.000001052394509 ], [ 166296.300000097136945, 6842481.100001053884625 ], [ 166187.300000097020529, 6842418.600001052953303 ], [ 166100.80000009725336, 6842350.900001054629683 ], [ 166015.300000097136945, 6842314.700001054443419 ], [ 165908.80000009725336, 6842229.100001053884625 ], [ 165889.200000097276643, 6842250.700001056306064 ], [ 165787.400000097346492, 6842220.30000105407089 ], [ 165738.200000097043812, 6842197.200001053512096 ], [ 165562.500000097323209, 6842039.5000010561198 ], [ 165525.100000097183511, 6842074.700001055374742 ], [ 165504.500000097323209, 6842066.700001056306064 ], [ 165417.800000097369775, 6842150.400001054629683 ], [ 165381.000000097206794, 6842150.200001055374742 ], [ 165326.500000097323209, 6842175.80000105407089 ], [ 165246.900000097346492, 6842246.000001054257154 ], [ 165145.700000097160228, 6842307.200001054443419 ], [ 165099.000000097206794, 6842296.200001054443419 ], [ 165035.400000097462907, 6842332.700001055374742 ], [ 164979.200000097160228, 6842341.000001053325832 ], [ 164920.30000009748619, 6842405.5000010561198 ], [ 164851.700000097276643, 6842409.100001054815948 ], [ 164799.100000097183511, 6842462.600001053884625 ], [ 164791.500000097323209, 6842501.800001055002213 ], [ 164757.900000097113661, 6842587.900001052767038 ], [ 164754.900000097230077, 6842617.600001052953303 ], [ 164732.000000097090378, 6842656.900001052767038 ], [ 164690.200000097160228, 6842693.100001053884625 ], [ 164674.900000097230077, 6842740.10000105202198 ], [ 164645.500000097206794, 6842782.500001054257154 ], [ 164555.800000097369775, 6842883.200001052580774 ], [ 164521.900000097346492, 6842949.000001052394509 ], [ 164517.700000097043812, 6842981.900001051835716 ], [ 164456.100000097299926, 6843091.800001052208245 ], [ 164372.100000097299926, 6843172.000001053325832 ], [ 164347.800000097020529, 6843212.900001050904393 ], [ 164356.700000097160228, 6843354.900001053698361 ], [ 164398.800000097020529, 6843458.8000010503456 ], [ 164298.700000097276643, 6843366.100001050159335 ], [ 164102.500000097090378, 6843400.8000010503456 ], [ 164043.400000097230077, 6843443.200001052580774 ], [ 163964.400000097230077, 6843463.100001051090658 ], [ 163929.300000097369775, 6843434.200001052580774 ], [ 163809.400000097230077, 6843434.100001051090658 ], [ 163777.700000097160228, 6843449.100001051090658 ], [ 163741.500000097206794, 6843404.900001050904393 ], [ 163633.30000009748619, 6843341.700001052580774 ], [ 163563.200000097276643, 6843371.900001051835716 ], [ 163507.300000097369775, 6843313.100001051090658 ], [ 163456.800000097369775, 6843347.100001051090658 ], [ 163374.400000097462907, 6843376.200001053512096 ], [ 163353.300000097369775, 6843372.500001049600542 ], [ 163309.100000097416341, 6843282.500001052394509 ], [ 163246.700000097509474, 6843235.900001054629683 ], [ 163227.300000097719021, 6843259.600001053884625 ], [ 163148.600000097416341, 6843189.200001052580774 ], [ 163109.100000097299926, 6843133.300001052208245 ], [ 162943.00000009755604, 6843050.300001053139567 ], [ 162932.100000097649172, 6843011.200001054443419 ], [ 162749.400000097462907, 6843203.000001053325832 ], [ 162692.200000097625889, 6843184.400001053698361 ], [ 162611.900000097462907, 6843188.500001051463187 ], [ 162629.200000097509474, 6843303.800001052208245 ], [ 162621.800000097719021, 6843352.200001054443419 ], [ 162604.80000009748619, 6843377.300001051276922 ], [ 162537.800000097602606, 6843430.800001051276922 ], [ 162445.800000097602606, 6843453.400001052767038 ], [ 162416.600000097882003, 6843469.900001053698361 ], [ 162455.500000097672455, 6843589.900001053698361 ], [ 162463.600000097649172, 6843758.800001051276922 ], [ 162384.600000097416341, 6843764.400001050904393 ], [ 162386.50000009755604, 6843835.300001051276922 ], [ 162461.900000097579323, 6843890.600001051090658 ], [ 162537.500000097323209, 6843975.000001050531864 ], [ 162547.900000097230077, 6844019.800001048482955 ], [ 162441.000000097323209, 6844181.900001049041748 ], [ 162188.100000097416341, 6844606.500001049600542 ], [ 162159.500000097323209, 6844660.600001047365367 ], [ 162145.700000097043812, 6844716.600001046434045 ], [ 162191.200000097276643, 6844733.000001047737896 ], [ 162372.100000097416341, 6844738.800001048482955 ], [ 162500.900000097230077, 6844800.600001047365367 ], [ 162475.100000097067095, 6844873.900001049041748 ], [ 162360.600000097299926, 6844861.600001047365367 ], [ 162354.400000097346492, 6844930.800001048482955 ], [ 162410.200000097043812, 6844936.90000104624778 ], [ 162457.600000097067095, 6844958.500001047737896 ], [ 162495.400000097230077, 6845007.900001048110425 ], [ 162514.700000097043812, 6845058.000001045875251 ], [ 162519.60000009695068, 6845103.300001046620309 ], [ 162415.200000096927397, 6845191.40000104624778 ], [ 162342.100000097067095, 6845240.100001046434045 ], [ 162323.100000097183511, 6845287.300001046620309 ], [ 162344.200000097160228, 6845532.90000104624778 ], [ 162383.500000096973963, 6845645.300001044757664 ], [ 162395.100000096717849, 6845795.000001044012606 ], [ 162480.300000096904114, 6846147.000001044012606 ], [ 162465.600000096834265, 6846247.500001043081284 ], [ 162417.800000096787699, 6846397.000001042149961 ], [ 162383.800000096787699, 6846412.600001043640077 ], [ 162333.600000096834265, 6846474.300001042895019 ], [ 162285.200000096927397, 6846461.500001044012606 ], [ 162211.100000096601434, 6846523.500001042149961 ], [ 162190.400000096764416, 6846592.000001043081284 ], [ 162162.500000096741132, 6846789.300001041963696 ], [ 162119.800000097020529, 6846879.300001041963696 ], [ 162067.400000096880831, 6846923.200001042336226 ], [ 162016.900000096648, 6847010.900001041591167 ], [ 161992.900000096764416, 6847018.200001041404903 ], [ 161952.800000096904114, 6847057.100001040846109 ], [ 161861.300000096904114, 6847213.300001041963696 ], [ 161881.000000096741132, 6847281.600001040846109 ], [ 161870.600000096717849, 6847402.600001039914787 ], [ 161860.300000096671283, 6847427.300001040101051 ], [ 161799.700000096694566, 6847471.200001041404903 ], [ 161823.900000096648, 6847498.200001039542258 ], [ 161810.900000096648, 6847581.20000104047358 ], [ 161839.600000096485019, 6847616.20000104047358 ], [ 161865.200000096461736, 6847594.700001039542258 ], [ 161913.400000096764416, 6847651.600001040846109 ], [ 161933.900000096648, 6847716.400001040659845 ], [ 161998.700000096461736, 6847700.9000010387972 ], [ 162024.100000096717849, 6847750.600001040846109 ], [ 162024.800000096787699, 6847836.900001040659845 ], [ 162055.400000096531585, 6847832.100001038983464 ], [ 162069.100000096485019, 6847808.20000104047358 ], [ 162123.600000096485019, 6847767.900001040659845 ], [ 162110.900000096531585, 6847734.300001040101051 ], [ 162135.600000096485019, 6847707.300001039169729 ], [ 162164.200000096578151, 6847730.000001040287316 ], [ 162206.600000096485019, 6847727.200001039542258 ], [ 162218.200000096578151, 6847757.800001040101051 ], [ 162265.90000009641517, 6847775.400001039728522 ], [ 162349.300000096671283, 6847836.100001038983464 ], [ 162461.000000096508302, 6847858.600001038983464 ], [ 162506.700000096461736, 6847838.600001038052142 ], [ 162673.90000009641517, 6847868.20000104047358 ], [ 162820.400000096531585, 6847801.300001040101051 ], [ 162871.300000096438453, 6847767.20000104047358 ], [ 162892.100000096252188, 6847737.000001039355993 ], [ 162984.500000096391886, 6847602.70000104047358 ], [ 163094.000000096391886, 6847523.70000104047358 ], [ 163193.100000096485019, 6847478.600001039914787 ], [ 163256.000000096275471, 6847419.900001041591167 ], [ 163276.900000096648, 6847378.000001041218638 ], [ 163278.900000096648, 6847326.90000104252249 ], [ 163251.200000096461736, 6847219.200001041404903 ], [ 163248.300000096438453, 6847154.800001041032374 ], [ 163305.500000096508302, 6847081.000001042149961 ], [ 163403.100000096485019, 6846989.600001040846109 ], [ 163593.300000096671283, 6846734.700001042336226 ], [ 163702.300000096322037, 6846655.400001041591167 ], [ 163756.700000096461736, 6846626.600001042708755 ], [ 163879.20000009634532, 6846598.500001042149961 ], [ 163940.400000096531585, 6846559.800001042895019 ], [ 163981.900000096531585, 6846496.300001042895019 ], [ 164071.600000096485019, 6846316.500001044943929 ], [ 164113.500000096508302, 6846256.100001043640077 ], [ 164151.600000096485019, 6846236.600001042708755 ], [ 164170.700000096694566, 6846121.500001044943929 ], [ 164196.500000096391886, 6846106.300001042895019 ], [ 164291.500000096624717, 6846106.500001044012606 ], [ 164423.500000096391886, 6846174.100001042708755 ], [ 164503.300000096322037, 6846022.800001042895019 ], [ 164572.700000096578151, 6846110.400001045316458 ], [ 164658.100000096368603, 6846292.900001043453813 ], [ 164691.100000096368603, 6846323.900001043453813 ], [ 164824.300000096438453, 6846415.200001043267548 ], [ 164920.20000009611249, 6846540.400001043453813 ], [ 164977.300000096205622, 6846517.800001041963696 ], [ 165052.200000096228905, 6846508.200001042336226 ], [ 165247.400000096298754, 6846500.100001041777432 ], [ 165311.300000095972791, 6846509.100001040846109 ], [ 165338.200000095996074, 6846473.400001043453813 ], [ 165394.600000096368603, 6846460.300001043826342 ], [ 165607.600000096019357, 6846475.800001041032374 ], [ 165636.800000096322037, 6846375.6000010445714 ], [ 165661.700000095996074, 6846365.40000104252249 ], [ 165726.600000096368603, 6846364.900001044385135 ], [ 165762.300000096205622, 6846449.500001043081284 ], [ 165717.500000096042641, 6846474.900001041591167 ], [ 165702.700000096228905, 6846500.000001043081284 ], [ 165770.000000096042641, 6846551.600001040846109 ], [ 165787.300000096205622, 6846514.600001040846109 ], [ 165831.300000096089207, 6846464.300001040101051 ], [ 165878.600000096019357, 6846440.000001040287316 ], [ 165973.100000096135773, 6846417.900001043453813 ], [ 166006.700000095996074, 6846512.800001041963696 ], [ 166024.000000095926225, 6846530.200001042336226 ], [ 166142.600000095902942, 6846570.400001041591167 ], [ 166164.800000096089207, 6846595.500001042149961 ], [ 166199.700000095879659, 6846598.600001041777432 ], [ 166238.800000095972791, 6846628.600001041777432 ], [ 166264.70000009611249, 6846664.200001042336226 ], [ 166350.500000096042641, 6846708.700001042336226 ], [ 166418.600000095902942, 6846783.600001039914787 ], [ 166462.600000095786527, 6846847.500001041218638 ], [ 166581.100000095902942, 6846891.200001041404903 ], [ 166673.400000095833093, 6846786.000001041218638 ], [ 166698.200000095996074, 6846770.800001041963696 ], [ 166773.200000095763244, 6846770.200001041404903 ], [ 166778.100000095902942, 6846760.200001041404903 ], [ 166930.200000095996074, 6846768.700001042336226 ], [ 167009.200000095763244, 6846756.40000104252249 ], [ 167041.00000009580981, 6846727.000001041218638 ], [ 167060.200000095879659, 6846667.200001042336226 ], [ 167204.000000095926225, 6846538.600001041777432 ], [ 167242.600000095670111, 6846527.300001040101051 ], [ 167286.300000095856376, 6846531.700001043267548 ], [ 167344.000000095926225, 6846499.300001042895019 ], [ 167358.300000095972791, 6846453.700001043267548 ], [ 167358.400000095716678, 6846410.000001041218638 ], [ 167387.200000095646828, 6846346.40000104252249 ], [ 167375.100000095786527, 6846327.000001042149961 ], [ 167391.900000095833093, 6846280.600001042708755 ], [ 167422.800000095972791, 6846259.700001043267548 ], [ 167435.900000095949508, 6846216.300001043826342 ], [ 167434.700000095763244, 6846177.200001042336226 ], [ 167458.900000095949508, 6846152.700001044198871 ], [ 167600.00000009580981, 6846114.100001042708755 ], [ 167626.000000095926225, 6846070.000001043081284 ], [ 167631.200000095646828, 6846030.100001041777432 ], [ 167585.900000095949508, 6845988.600001042708755 ], [ 167572.600000095902942, 6845955.100001042708755 ] ] ] ] } },
{ "type": "Feature", "properties": { "com_name_lo": "saint-thonan" }, "geometry": { "type": "MultiPolygon", "coordinates": [ [ [ [ 158187.700000098207965, 6843942.200001051649451 ], [ 158199.900000098510645, 6844029.500001051463187 ], [ 158196.900000098277815, 6844068.400001050904393 ], [ 158157.400000098044984, 6844148.200001050718129 ], [ 158131.800000098301098, 6844177.500001050531864 ], [ 158125.000000098370947, 6844219.700001051649451 ], [ 158139.70000009809155, 6844269.400001049973071 ], [ 158184.100000098347664, 6844347.100001051090658 ], [ 158205.300000098301098, 6844442.700001049786806 ], [ 158229.100000098114833, 6844494.100001050159335 ], [ 158253.300000098068267, 6844514.100001050159335 ], [ 158144.600000098114833, 6844549.400001049973071 ], [ 158046.400000098044984, 6844599.800001048482955 ], [ 158116.400000098161399, 6844710.300001048482955 ], [ 157944.800000098184682, 6844828.500001048669219 ], [ 157962.200000098207965, 6844884.300001049414277 ], [ 157920.500000098021701, 6844912.700001048855484 ], [ 157912.600000098231249, 6844943.200001048855484 ], [ 157853.400000098044984, 6844977.60000104829669 ], [ 157852.600000098231249, 6845004.500001048669219 ], [ 157808.900000098161399, 6844991.60000104829669 ], [ 157715.500000098138116, 6844936.700001047924161 ], [ 157717.800000098068267, 6844980.200001047924161 ], [ 157561.300000098184682, 6844945.300001048482955 ], [ 157564.500000098138116, 6845042.100001047365367 ], [ 157551.600000098231249, 6845055.8000010503456 ], [ 157510.20000009809155, 6845151.500001048669219 ], [ 157464.500000098021701, 6845212.400001048110425 ], [ 157653.400000098044984, 6845294.200001047924161 ], [ 157634.400000097928569, 6845357.500001046806574 ], [ 157581.000000098021701, 6845422.700001046992838 ], [ 157964.800000097951852, 6845544.100001046434045 ], [ 157968.400000098044984, 6845609.100001046434045 ], [ 157934.100000097882003, 6845670.300001046620309 ], [ 157849.600000097882003, 6845693.40000104624778 ], [ 157788.400000098161399, 6845697.300001047551632 ], [ 157789.500000098021701, 6845743.600001046434045 ], [ 157752.20000009809155, 6845757.400001047179103 ], [ 157691.700000097742304, 6845839.300001045688987 ], [ 157611.300000097951852, 6845898.40000104624778 ], [ 157577.100000097998418, 6845950.600001046434045 ], [ 157547.000000098021701, 6845979.100001046434045 ], [ 157523.800000097951852, 6846031.300001045688987 ], [ 157471.100000097882003, 6846047.600001045502722 ], [ 157472.100000097882003, 6846118.000001044943929 ], [ 157444.500000097905286, 6846264.90000104624778 ], [ 157429.400000098044984, 6846291.700001045130193 ], [ 157480.500000097905286, 6846322.900001045316458 ], [ 157487.200000097742304, 6846490.100001043640077 ], [ 157522.100000097882003, 6846547.90000104624778 ], [ 157534.300000097719021, 6846601.300001044757664 ], [ 157585.800000097602606, 6846596.700001044198871 ], [ 157626.400000098044984, 6846633.300001044757664 ], [ 157679.300000097719021, 6846638.900001045316458 ], [ 157697.00000009778887, 6846661.300001044757664 ], [ 157726.900000097812153, 6846730.000001044012606 ], [ 157715.200000097625889, 6846777.500001044012606 ], [ 157739.500000097439624, 6846799.600001041777432 ], [ 157733.00000009778887, 6846852.400001044385135 ], [ 157745.500000097672455, 6846887.300001043826342 ], [ 157711.000000097672455, 6846936.200001042336226 ], [ 157741.400000097579323, 6847034.40000104252249 ], [ 157767.00000009755604, 6847063.90000104252249 ], [ 157777.80000009748619, 6847127.700001041404903 ], [ 157804.30000009748619, 6847175.600001041777432 ], [ 157815.900000097462907, 6847237.500001041218638 ], [ 157800.30000009748619, 6847324.000001041218638 ], [ 157832.400000097695738, 6847351.800001042895019 ], [ 157867.400000097462907, 6847342.40000104252249 ], [ 157908.600000097416341, 6847347.900001041591167 ], [ 157959.200000097393058, 6847376.600001041777432 ], [ 157998.900000097462907, 6847411.000001041218638 ], [ 158025.30000009748619, 6847452.000001041218638 ], [ 157972.200000097393058, 6847522.100001040846109 ], [ 157991.800000097719021, 6847555.40000104252249 ], [ 158040.000000097439624, 6847488.70000104047358 ], [ 158100.500000097323209, 6847429.90000104252249 ], [ 158144.500000097323209, 6847339.600001041777432 ], [ 158182.700000097276643, 6847385.000001041218638 ], [ 158210.600000097299926, 6847481.100001040846109 ], [ 158270.100000097299926, 6847499.200001041404903 ], [ 158371.50000009755604, 6847509.900001041591167 ], [ 158425.100000097183511, 6847557.500001040287316 ], [ 158370.600000097416341, 6847607.600001040846109 ], [ 158424.700000097160228, 6847703.500001040287316 ], [ 158475.80000009725336, 6847771.700001041404903 ], [ 158518.100000097183511, 6847803.500001040287316 ], [ 158652.700000097276643, 6847844.200001041404903 ], [ 158692.900000097113661, 6847851.300001039169729 ], [ 158748.500000097323209, 6847820.700001041404903 ], [ 158761.200000097043812, 6847761.800001039169729 ], [ 158791.000000097206794, 6847714.400001040659845 ], [ 158826.200000096927397, 6847709.400001039728522 ], [ 158865.100000097067095, 6847729.400001039728522 ], [ 158912.300000097369775, 6847730.100001040846109 ], [ 158934.400000097346492, 6847697.900001041591167 ], [ 158979.30000009725336, 6847665.600001039914787 ], [ 158993.600000097299926, 6847617.300001041963696 ], [ 158987.000000097206794, 6847572.000001041218638 ], [ 158966.000000097323209, 6847546.40000104252249 ], [ 158957.700000097160228, 6847504.500001040287316 ], [ 158983.100000097183511, 6847434.40000104252249 ], [ 158910.400000097462907, 6847314.300001043826342 ], [ 158992.400000097462907, 6847261.300001042895019 ], [ 159024.900000097346492, 6847259.600001041777432 ], [ 159058.200000097276643, 6847160.500001041218638 ], [ 159120.600000097183511, 6847121.200001042336226 ], [ 159145.900000097346492, 6847120.500001042149961 ], [ 159160.400000097230077, 6847089.700001042336226 ], [ 159162.500000097323209, 6847041.500001043081284 ], [ 159217.100000097416341, 6846921.000001044943929 ], [ 159253.300000097369775, 6846861.200001043267548 ], [ 159258.400000097230077, 6846828.400001043453813 ], [ 159303.900000097346492, 6846790.000001043081284 ], [ 159367.500000097439624, 6846705.600001042708755 ], [ 159320.100000097299926, 6846671.300001042895019 ], [ 159340.600000097532757, 6846633.700001045130193 ], [ 159302.50000009755604, 6846606.200001045130193 ], [ 159332.200000097393058, 6846578.000001043081284 ], [ 159317.600000097416341, 6846485.900001044385135 ], [ 159329.700000097509474, 6846474.800001044757664 ], [ 159315.900000097462907, 6846326.000001044943929 ], [ 159342.100000097532757, 6846283.200001045130193 ], [ 159352.50000009755604, 6846228.100001043640077 ], [ 159351.600000097416341, 6846177.500001044012606 ], [ 159329.00000009755604, 6846134.200001046061516 ], [ 159263.300000097369775, 6846074.600001043640077 ], [ 159334.400000097695738, 6846034.90000104624778 ], [ 159512.50000009755604, 6845847.300001045688987 ], [ 159675.600000097649172, 6845701.600001046434045 ], [ 159812.600000097416341, 6845636.1000010445714 ], [ 159884.300000097719021, 6845583.600001047365367 ], [ 159968.800000097602606, 6845557.400001047179103 ], [ 160033.300000097719021, 6845476.400001048110425 ], [ 160072.600000097649172, 6845380.400001048110425 ], [ 160080.700000097393058, 6845321.600001046434045 ], [ 160135.200000097509474, 6845165.200001047924161 ], [ 160206.00000009755604, 6845093.100001046434045 ], [ 160304.600000097532757, 6845021.500001048669219 ], [ 160409.600000097532757, 6844970.200001047924161 ], [ 160593.900000097579323, 6844846.400001049041748 ], [ 160633.400000097579323, 6844864.500001047737896 ], [ 160677.600000097416341, 6844761.300001048482955 ], [ 160923.800000097719021, 6844601.000001048669219 ], [ 161157.300000097719021, 6844404.400001049041748 ], [ 161219.600000097532757, 6844383.300001048482955 ], [ 161366.900000097579323, 6844366.600001049228013 ], [ 161476.000000097439624, 6844336.600001050159335 ], [ 161582.400000097462907, 6844287.300001048482955 ], [ 161735.500000097439624, 6844142.600001050159335 ], [ 161727.100000097416341, 6844078.300001049414277 ], [ 161731.500000097672455, 6843846.700001051649451 ], [ 161747.600000097532757, 6843809.900001050904393 ], [ 161762.800000097719021, 6843720.700001051649451 ], [ 161803.700000097625889, 6843588.60000105202198 ], [ 161817.500000097672455, 6843430.400001051835716 ], [ 161854.800000097719021, 6843357.10000105202198 ], [ 161848.200000097625889, 6843271.400001053698361 ], [ 161810.800000097719021, 6843160.400001052767038 ], [ 161813.800000097951852, 6843104.000001052394509 ], [ 161803.70000009785872, 6843001.000001054257154 ], [ 161728.400000097812153, 6842715.500001053325832 ], [ 161732.300000097951852, 6842629.30000105407089 ], [ 161638.400000098044984, 6842413.400001056492329 ], [ 161574.100000098114833, 6842297.800001055002213 ], [ 161509.400000098044984, 6842139.100001055747271 ], [ 161398.500000098021701, 6841954.100001056678593 ], [ 161368.600000098114833, 6841793.30000105779618 ], [ 161335.200000097975135, 6841746.300001055933535 ], [ 161254.900000098161399, 6841725.900001056492329 ], [ 161139.300000098301098, 6841666.200001056306064 ], [ 161115.800000098417513, 6841643.200001058168709 ], [ 161114.000000098138116, 6841587.100001055747271 ], [ 161101.700000098207965, 6841563.200001057237387 ], [ 161020.000000098370947, 6841517.700001058168709 ], [ 160906.300000098417513, 6841438.000001057982445 ], [ 160809.90000009839423, 6841454.000001057982445 ], [ 160815.900000098627061, 6841485.200001060962677 ], [ 160796.000000098254532, 6841548.200001058168709 ], [ 160779.900000098510645, 6841654.600001057609916 ], [ 160753.000000098370947, 6841735.500001057982445 ], [ 160756.800000098417513, 6841774.400001058354974 ], [ 160790.900000098277815, 6841819.300001056864858 ], [ 160816.300000098301098, 6841873.200001057237387 ], [ 160874.20000009809155, 6841950.200001057237387 ], [ 160776.100000098231249, 6842036.700001056306064 ], [ 160767.000000098254532, 6842058.900001055561006 ], [ 160758.800000098301098, 6842147.100001055747271 ], [ 160711.200000098207965, 6842239.100001056678593 ], [ 160701.100000098114833, 6842289.600001054815948 ], [ 160694.400000098161399, 6842416.0000010561198 ], [ 160709.000000098021701, 6842496.900001054629683 ], [ 160705.300000098068267, 6842522.200001054443419 ], [ 160611.70000009809155, 6842685.800001055002213 ], [ 160535.100000098114833, 6842755.600001054815948 ], [ 160505.100000097882003, 6842840.80000105407089 ], [ 160473.400000098044984, 6842857.900001054629683 ], [ 160421.600000097882003, 6842908.900001053698361 ], [ 160371.600000098114833, 6842932.900001054629683 ], [ 160341.700000098207965, 6842932.600001053884625 ], [ 160278.300000098417513, 6842911.500001054257154 ], [ 160242.900000098277815, 6842908.100001053884625 ], [ 160110.70000009809155, 6842949.300001053139567 ], [ 159999.70000009809155, 6843116.800001052208245 ], [ 159961.800000098184682, 6843219.400001052767038 ], [ 159936.500000097905286, 6843264.60000105202198 ], [ 159912.600000098114833, 6843282.900001052767038 ], [ 159862.300000098184682, 6843292.700001053512096 ], [ 159801.600000098114833, 6843323.400001053698361 ], [ 159741.800000098417513, 6843322.700001054443419 ], [ 159686.000000098138116, 6843427.10000105202198 ], [ 159620.600000097998418, 6843451.900001051835716 ], [ 159493.300000098184682, 6843404.300001053139567 ], [ 159466.700000098324381, 6843379.700001054443419 ], [ 159405.400000098277815, 6843389.300001053139567 ], [ 159383.400000098161399, 6843419.10000105202198 ], [ 159354.200000098207965, 6843427.800001053139567 ], [ 159316.400000098161399, 6843459.900001053698361 ], [ 159063.000000098138116, 6843472.000001052394509 ], [ 159074.200000098207965, 6843518.600001051090658 ], [ 159081.000000098138116, 6843616.60000105202198 ], [ 159054.100000098231249, 6843693.100001052953303 ], [ 159034.20000009809155, 6843797.3000010503456 ], [ 158977.000000098138116, 6843931.700001050718129 ], [ 158944.20000009809155, 6843973.900001050904393 ], [ 158910.500000098138116, 6843955.100001050159335 ], [ 158810.500000098138116, 6843926.500001050531864 ], [ 158708.40000009839423, 6843873.000001052394509 ], [ 158690.500000098254532, 6843890.000001052394509 ], [ 158587.700000098207965, 6843905.10000105202198 ], [ 158551.600000098231249, 6843925.700001051649451 ], [ 158435.500000098254532, 6843932.700001051649451 ], [ 158419.800000098417513, 6843913.400001052767038 ], [ 158354.600000098231249, 6843904.8000010503456 ], [ 158336.300000098417513, 6843936.100001050159335 ], [ 158187.700000098207965, 6843942.200001051649451 ] ] ] ] } },
{ "type": "Feature", "properties": { "com_name_lo": "landerneau" }, "geometry": { "type": "MultiPolygon", "coordinates": [ [ [ [ 161735.500000097439624, 6844142.600001050159335 ], [ 161807.500000097672455, 6844075.600001050159335 ], [ 162055.600000097532757, 6843965.900001050904393 ], [ 162245.100000097416341, 6843825.700001050718129 ], [ 162325.800000097602606, 6843797.000001050531864 ], [ 162384.600000097416341, 6843764.400001050904393 ], [ 162463.600000097649172, 6843758.800001051276922 ], [ 162455.500000097672455, 6843589.900001053698361 ], [ 162416.600000097882003, 6843469.900001053698361 ], [ 162445.800000097602606, 6843453.400001052767038 ], [ 162537.800000097602606, 6843430.800001051276922 ], [ 162604.80000009748619, 6843377.300001051276922 ], [ 162621.800000097719021, 6843352.200001054443419 ], [ 162629.200000097509474, 6843303.800001052208245 ], [ 162611.900000097462907, 6843188.500001051463187 ], [ 162692.200000097625889, 6843184.400001053698361 ], [ 162749.400000097462907, 6843203.000001053325832 ], [ 162932.100000097649172, 6843011.200001054443419 ], [ 162943.00000009755604, 6843050.300001053139567 ], [ 163109.100000097299926, 6843133.300001052208245 ], [ 163148.600000097416341, 6843189.200001052580774 ], [ 163227.300000097719021, 6843259.600001053884625 ], [ 163246.700000097509474, 6843235.900001054629683 ], [ 163309.100000097416341, 6843282.500001052394509 ], [ 163353.300000097369775, 6843372.500001049600542 ], [ 163374.400000097462907, 6843376.200001053512096 ], [ 163456.800000097369775, 6843347.100001051090658 ], [ 163507.300000097369775, 6843313.100001051090658 ], [ 163563.200000097276643, 6843371.900001051835716 ], [ 163633.30000009748619, 6843341.700001052580774 ], [ 163741.500000097206794, 6843404.900001050904393 ], [ 163777.700000097160228, 6843449.100001051090658 ], [ 163809.400000097230077, 6843434.100001051090658 ], [ 163929.300000097369775, 6843434.200001052580774 ], [ 163964.400000097230077, 6843463.100001051090658 ], [ 164043.400000097230077, 6843443.200001052580774 ], [ 164102.500000097090378, 6843400.8000010503456 ], [ 164298.700000097276643, 6843366.100001050159335 ], [ 164398.800000097020529, 6843458.8000010503456 ], [ 164356.700000097160228, 6843354.900001053698361 ], [ 164347.800000097020529, 6843212.900001050904393 ], [ 164372.100000097299926, 6843172.000001053325832 ], [ 164456.100000097299926, 6843091.800001052208245 ], [ 164517.700000097043812, 6842981.900001051835716 ], [ 164521.900000097346492, 6842949.000001052394509 ], [ 164555.800000097369775, 6842883.200001052580774 ], [ 164645.500000097206794, 6842782.500001054257154 ], [ 164674.900000097230077, 6842740.10000105202198 ], [ 164690.200000097160228, 6842693.100001053884625 ], [ 164732.000000097090378, 6842656.900001052767038 ], [ 164754.900000097230077, 6842617.600001052953303 ], [ 164757.900000097113661, 6842587.900001052767038 ], [ 164791.500000097323209, 6842501.800001055002213 ], [ 164799.100000097183511, 6842462.600001053884625 ], [ 164851.700000097276643, 6842409.100001054815948 ], [ 164920.30000009748619, 6842405.5000010561198 ], [ 164979.200000097160228, 6842341.000001053325832 ], [ 165035.400000097462907, 6842332.700001055374742 ], [ 165099.000000097206794, 6842296.200001054443419 ], [ 165145.700000097160228, 6842307.200001054443419 ], [ 165246.900000097346492, 6842246.000001054257154 ], [ 165326.500000097323209, 6842175.80000105407089 ], [ 165381.000000097206794, 6842150.200001055374742 ], [ 165417.800000097369775, 6842150.400001054629683 ], [ 165504.500000097323209, 6842066.700001056306064 ], [ 165525.100000097183511, 6842074.700001055374742 ], [ 165562.500000097323209, 6842039.5000010561198 ], [ 165738.200000097043812, 6842197.200001053512096 ], [ 165787.400000097346492, 6842220.30000105407089 ], [ 165889.200000097276643, 6842250.700001056306064 ], [ 165908.80000009725336, 6842229.100001053884625 ], [ 165840.500000097206794, 6842187.700001054443419 ], [ 165762.400000097230077, 6842105.400001056492329 ], [ 165636.80000009725336, 6842044.30000105407089 ], [ 165673.100000097299926, 6842021.900001054629683 ], [ 165821.200000097043812, 6841875.700001054443419 ], [ 165770.100000097067095, 6841837.400001055561006 ], [ 165707.400000097346492, 6841893.300001055002213 ], [ 165551.30000009725336, 6841826.000001055188477 ], [ 165459.300000097136945, 6841814.800001055002213 ], [ 165403.000000097439624, 6841829.700001056306064 ], [ 165396.700000097160228, 6841749.600001055747271 ], [ 165365.30000009748619, 6841692.800001055933535 ], [ 165148.100000097416341, 6841565.700001056306064 ], [ 165143.800000097369775, 6841548.700001058168709 ], [ 165192.800000097369775, 6841491.300001055933535 ], [ 165226.000000097439624, 6841465.500001057051122 ], [ 165293.400000097462907, 6841470.200001056306064 ], [ 165387.100000097299926, 6841447.5000010561198 ], [ 165456.500000097439624, 6841450.100001055747271 ], [ 165546.200000097393058, 6841434.500001057051122 ], [ 165780.900000097462907, 6841452.500001057051122 ], [ 165975.200000097393058, 6841429.600001056678593 ], [ 166063.80000009748619, 6841404.600001055747271 ], [ 166040.200000097276643, 6841299.600001055747271 ], [ 165965.500000097323209, 6841130.500001057051122 ], [ 165958.200000097276643, 6841053.800001058727503 ], [ 165973.000000097323209, 6840942.30000105779618 ], [ 165955.200000097509474, 6840856.300001059658825 ], [ 165978.000000097672455, 6840787.800001059658825 ], [ 165981.100000097649172, 6840724.100001059472561 ], [ 166027.700000097393058, 6840551.500001060776412 ], [ 166042.100000097532757, 6840525.600001060403883 ], [ 166024.200000097393058, 6840476.900001059286296 ], [ 165989.700000097509474, 6840421.00000105984509 ], [ 165881.00000009778887, 6840443.900001061148942 ], [ 165634.600000097532757, 6840470.100001058541238 ], [ 165669.400000097695738, 6840364.900001060217619 ], [ 165415.00000009778887, 6840313.200001060031354 ], [ 165355.500000097672455, 6840295.600001058541238 ], [ 165299.50000009778887, 6840259.300001059658825 ], [ 165089.100000097882003, 6840225.100001061335206 ], [ 165021.900000097812153, 6840193.700001060962677 ], [ 165062.100000097882003, 6840102.700001062825322 ], [ 165101.800000097951852, 6840031.100001061335206 ], [ 165131.300000097951852, 6839995.900001062080264 ], [ 165145.70000009785872, 6838899.100001062266529 ], [ 165157.500000098138116, 6838703.300001065246761 ], [ 165280.600000098114833, 6838525.500001065433025 ], [ 165286.600000098231249, 6838481.400001065805554 ], [ 165274.500000098138116, 6838387.70000106561929 ], [ 165085.000000098370947, 6838408.000001066364348 ], [ 165049.100000098231249, 6838494.000001065433025 ], [ 164977.700000098324381, 6838613.900001066736877 ], [ 164725.900000098161399, 6838977.700001064687967 ], [ 164689.300000098301098, 6838951.300001063384116 ], [ 164640.500000098138116, 6838979.700001062825322 ], [ 164618.600000098231249, 6839014.50000106357038 ], [ 164588.000000098370947, 6839028.800001065246761 ], [ 164535.600000098114833, 6839082.500001064501703 ], [ 164440.200000098207965, 6839203.000001064501703 ], [ 164374.100000097998418, 6839256.800001062452793 ], [ 164259.500000098138116, 6839277.50000106357038 ], [ 164178.500000098138116, 6839269.800001063384116 ], [ 164180.400000098277815, 6839299.200001063756645 ], [ 164141.800000098184682, 6839308.600001062266529 ], [ 164087.100000098231249, 6839295.000001064501703 ], [ 164019.500000098370947, 6839239.300001063384116 ], [ 163904.900000098510645, 6839176.200001063756645 ], [ 163825.200000098207965, 6839162.800001062452793 ], [ 163773.90000009839423, 6839186.600001064129174 ], [ 163697.400000098277815, 6839193.500001061707735 ], [ 163641.500000098370947, 6839229.900001063011587 ], [ 163600.400000098627061, 6839366.000001064501703 ], [ 163539.900000098510645, 6839441.400001063942909 ], [ 163471.300000098301098, 6839646.50000106357038 ], [ 163445.100000098231249, 6839693.600001063197851 ], [ 163409.500000098487362, 6839726.600001063197851 ], [ 163356.90000009839423, 6839803.600001062266529 ], [ 163252.400000098161399, 6839873.900001062080264 ], [ 163214.000000098370947, 6839910.900001062080264 ], [ 163185.600000098464079, 6839976.600001061335206 ], [ 163139.90000009839423, 6840041.400001063011587 ], [ 163155.000000098254532, 6840085.500001061707735 ], [ 163128.300000098301098, 6840154.400001062080264 ], [ 163141.100000098114833, 6840205.300001061521471 ], [ 163122.200000098207965, 6840299.100001060403883 ], [ 163127.300000098068267, 6840444.400001060217619 ], [ 163095.000000098138116, 6840462.200001060962677 ], [ 163084.200000098207965, 6840518.300001060590148 ], [ 163081.20000009809155, 6840577.100001058541238 ], [ 163053.70000009809155, 6840631.800001059658825 ], [ 163085.300000098184682, 6840634.200001060962677 ], [ 163140.100000097882003, 6840676.500001057982445 ], [ 163144.900000098044984, 6840700.500001057982445 ], [ 163126.800000097951852, 6840766.100001058541238 ], [ 163143.900000098044984, 6840776.900001060217619 ], [ 163131.500000098021701, 6840833.400001059286296 ], [ 163055.500000097905286, 6840821.000001057982445 ], [ 162876.100000098114833, 6840819.100001059472561 ], [ 162819.800000098184682, 6840797.100001060403883 ], [ 162786.200000098324381, 6840767.600001061335206 ], [ 162686.100000098231249, 6840711.300001061521471 ], [ 162635.300000098068267, 6840653.400001059286296 ], [ 162491.800000098301098, 6840534.500001060776412 ], [ 162485.700000098207965, 6840483.600001061335206 ], [ 162414.600000098231249, 6840411.900001059286296 ], [ 162429.90000009839423, 6840382.100001060403883 ], [ 162488.200000098207965, 6840405.600001061335206 ], [ 162511.800000098184682, 6840335.700001060962677 ], [ 162365.700000098207965, 6840382.100001060403883 ], [ 162235.500000098370947, 6840468.500001060776412 ], [ 162223.300000098650344, 6840455.200001060962677 ], [ 162181.500000098254532, 6840490.600001059472561 ], [ 162224.40000009839423, 6840528.300001060590148 ], [ 162189.600000098231249, 6840569.400001059286296 ], [ 162154.900000098510645, 6840555.800001061521471 ], [ 162114.300000098417513, 6840635.100001059472561 ], [ 162037.200000098324381, 6840704.600001059472561 ], [ 162026.000000098370947, 6840804.400001060217619 ], [ 162033.500000098370947, 6840845.800001059658825 ], [ 162011.300000098417513, 6840893.700001060031354 ], [ 161947.700000098207965, 6840946.000001057982445 ], [ 161861.300000098184682, 6840988.100001059472561 ], [ 161775.500000098138116, 6841046.900001059286296 ], [ 161746.000000098138116, 6841055.300001058727503 ], [ 161680.800000098301098, 6841050.600001058541238 ], [ 161664.000000098370947, 6841082.800001058727503 ], [ 161642.100000098231249, 6841089.400001059286296 ], [ 161472.90000009839423, 6841065.900001059286296 ], [ 161433.500000098487362, 6841045.200001060962677 ], [ 161347.700000098557211, 6841020.800001058727503 ], [ 161239.400000098510645, 6841012.600001059472561 ], [ 161188.300000098417513, 6841041.000001058913767 ], [ 161139.900000098277815, 6841045.200001059100032 ], [ 161099.800000098533928, 6841035.100001058541238 ], [ 161052.300000098533928, 6841007.800001059658825 ], [ 161034.600000098347664, 6841009.900001059286296 ], [ 160930.200000098440796, 6841061.80000105779618 ], [ 160828.900000098510645, 6841140.700001058168709 ], [ 160836.100000098231249, 6841188.200001057237387 ], [ 160869.500000098487362, 6841280.800001058727503 ], [ 160852.200000098207965, 6841298.30000105779618 ], [ 160818.100000098580495, 6841387.700001060031354 ], [ 160809.90000009839423, 6841454.000001057982445 ], [ 160906.300000098417513, 6841438.000001057982445 ], [ 161020.000000098370947, 6841517.700001058168709 ], [ 161101.700000098207965, 6841563.200001057237387 ], [ 161114.000000098138116, 6841587.100001055747271 ], [ 161115.800000098417513, 6841643.200001058168709 ], [ 161139.300000098301098, 6841666.200001056306064 ], [ 161254.900000098161399, 6841725.900001056492329 ], [ 161335.200000097975135, 6841746.300001055933535 ], [ 161368.600000098114833, 6841793.30000105779618 ], [ 161398.500000098021701, 6841954.100001056678593 ], [ 161509.400000098044984, 6842139.100001055747271 ], [ 161574.100000098114833, 6842297.800001055002213 ], [ 161638.400000098044984, 6842413.400001056492329 ], [ 161732.300000097951852, 6842629.30000105407089 ], [ 161728.400000097812153, 6842715.500001053325832 ], [ 161803.70000009785872, 6843001.000001054257154 ], [ 161813.800000097951852, 6843104.000001052394509 ], [ 161810.800000097719021, 6843160.400001052767038 ], [ 161848.200000097625889, 6843271.400001053698361 ], [ 161854.800000097719021, 6843357.10000105202198 ], [ 161817.500000097672455, 6843430.400001051835716 ], [ 161803.700000097625889, 6843588.60000105202198 ], [ 161762.800000097719021, 6843720.700001051649451 ], [ 161747.600000097532757, 6843809.900001050904393 ], [ 161731.500000097672455, 6843846.700001051649451 ], [ 161727.100000097416341, 6844078.300001049414277 ], [ 161735.500000097439624, 6844142.600001050159335 ] ] ] ] } },
{ "type": "Feature", "properties": { "com_name_lo": "saint-derrien" }, "geometry": { "type": "MultiPolygon", "coordinates": [ [ [ [ 171928.400000093271956, 6853217.400001022964716 ], [ 171884.400000093271956, 6853190.200001022778451 ], [ 171864.400000093271956, 6853147.500001021660864 ], [ 171837.100000093341805, 6853148.200001021847129 ], [ 171807.200000093202107, 6853126.8000010214746 ], [ 171822.10000009322539, 6853093.100001022219658 ], [ 171761.500000093132257, 6852943.600001021288335 ], [ 171695.10000009322539, 6852931.600001021288335 ], [ 171665.900000093621202, 6852884.600001024082303 ], [ 171607.700000093434937, 6852679.000001022592187 ], [ 171607.000000093597919, 6852622.100001024082303 ], [ 171588.000000093365088, 6852526.400001023896039 ], [ 171531.300000093644485, 6852490.30000102519989 ], [ 171477.900000093388371, 6852474.10000102315098 ], [ 171434.100000093341805, 6852435.300001022405922 ], [ 171333.400000093621202, 6852270.700001023709774 ], [ 171323.500000093714334, 6852236.60000102315098 ], [ 171296.8000000937609, 6852221.400001025758684 ], [ 171218.600000093574636, 6852223.100001024082303 ], [ 171150.800000093644485, 6852187.500001025386155 ], [ 171091.800000093877316, 6852090.700001026503742 ], [ 171126.900000093737617, 6852052.100001025013626 ], [ 171118.600000093807466, 6852019.30000102519989 ], [ 171171.000000093830749, 6852004.600001024082303 ], [ 171222.500000093830749, 6851955.100001026876271 ], [ 171227.100000093807466, 6851924.700001027435064 ], [ 171259.000000093714334, 6851897.900001026690006 ], [ 171337.200000093551353, 6851868.80000102519989 ], [ 171495.200000093667768, 6851762.30000102519989 ], [ 171509.100000093691051, 6851687.500001025386155 ], [ 171541.000000093830749, 6851641.600001026876271 ], [ 171616.8000000937609, 6851616.900001027621329 ], [ 171683.3000000937609, 6851610.0000010272488 ], [ 171696.300000093644485, 6851584.800001026131213 ], [ 171757.400000093737617, 6851572.400001027621329 ], [ 171780.000000093714334, 6851609.200001027435064 ], [ 171810.600000093807466, 6851599.0000010272488 ], [ 171840.700000093667768, 6851607.800001026131213 ], [ 172034.400000093737617, 6851482.700001027435064 ], [ 172080.700000093551353, 6851407.400001026690006 ], [ 172128.700000093667768, 6851363.300001027062535 ], [ 172247.3000000937609, 6851353.000001028180122 ], [ 172362.500000093597919, 6851308.300001026131213 ], [ 172482.600000093691051, 6851296.5000010272488 ], [ 172491.900000093621202, 6851277.600001026876271 ], [ 172571.400000093621202, 6851266.100001027807593 ], [ 172618.000000093597919, 6851231.300001027993858 ], [ 172721.100000093574636, 6851243.0000010272488 ], [ 172780.300000093644485, 6851217.500001026317477 ], [ 172801.000000093597919, 6851199.200001027435064 ], [ 172790.000000093481503, 6851097.200001027435064 ], [ 172769.400000093621202, 6851017.400001028552651 ], [ 172740.000000093714334, 6850962.700001029297709 ], [ 172670.100000093574636, 6850973.100001028738916 ], [ 172653.600000093691051, 6850990.600001026876271 ], [ 172558.200000093784183, 6850942.400001030415297 ], [ 172493.400000093854032, 6850940.200001030229032 ], [ 172496.8000000937609, 6850893.500001029111445 ], [ 172518.400000093854032, 6850831.400001029483974 ], [ 172545.000000093714334, 6850791.200001028366387 ], [ 172549.500000093830749, 6850758.200001028366387 ], [ 172346.600000093807466, 6850721.100001028738916 ], [ 172366.500000093947165, 6850612.500001030042768 ], [ 172358.400000093854032, 6850505.700001029297709 ], [ 172231.500000093947165, 6850490.100001029670238 ], [ 172246.200000093900599, 6850380.700001031160355 ], [ 172245.300000093993731, 6850304.000001030042768 ], [ 172287.500000093947165, 6850280.900001030415297 ], [ 172271.300000094110146, 6850230.400001031346619 ], [ 172232.400000093737617, 6850221.30000102892518 ], [ 172197.800000093993731, 6850188.500001029111445 ], [ 172151.200000093900599, 6850121.30000102892518 ], [ 172120.100000093923882, 6850110.100001029670238 ], [ 172078.700000093667768, 6850049.700001030229032 ], [ 172012.200000094017014, 6849907.800001030787826 ], [ 172067.100000094040297, 6849871.400001031346619 ], [ 172072.100000094040297, 6849852.600001030601561 ], [ 172125.700000094017014, 6849846.400001030415297 ], [ 172180.400000093737617, 6849808.30000102892518 ], [ 172207.600000094040297, 6849799.000001031905413 ], [ 172247.700000094017014, 6849694.200001032091677 ], [ 172283.700000094133429, 6849635.800001032650471 ], [ 172228.400000094203278, 6849599.700001033023 ], [ 172157.900000094203278, 6849530.300001032650471 ], [ 172113.400000094203278, 6849470.700001032091677 ], [ 171987.500000094179995, 6849345.800001032650471 ], [ 171943.000000094179995, 6849406.100001033395529 ], [ 171817.800000094342977, 6849497.100001033395529 ], [ 171797.900000094203278, 6849502.200001032091677 ], [ 171737.600000094273128, 6849341.800001033581793 ], [ 171647.500000094296411, 6849312.500001032836735 ], [ 171421.800000094575807, 6849208.400001033209264 ], [ 171392.000000094179995, 6849238.600001032464206 ], [ 171282.000000094179995, 6849229.500001032836735 ], [ 171199.800000094459392, 6849260.300001033581793 ], [ 171173.70000009436626, 6849204.300001033581793 ], [ 171097.600000094505958, 6849159.800001034513116 ], [ 171057.000000094296411, 6849205.300001032650471 ], [ 170977.90000009466894, 6849232.800001035444438 ], [ 170949.700000094482675, 6849162.100001033395529 ], [ 170872.100000094389543, 6849200.800001033581793 ], [ 170817.200000094482675, 6849216.300001034513116 ], [ 170677.300000094342977, 6849217.400001034140587 ], [ 170672.400000094552524, 6849232.400001034140587 ], [ 170706.800000094575807, 6849322.800001035444438 ], [ 170676.600000094273128, 6849341.600001033395529 ], [ 170617.400000094436109, 6849427.800001032650471 ], [ 170591.000000094529241, 6849437.700001033954322 ], [ 170630.800000094459392, 6849583.000001032836735 ], [ 170604.000000094296411, 6849651.00000103097409 ], [ 170602.500000094296411, 6849802.300001031719148 ], [ 170485.400000094552524, 6849736.600001031532884 ], [ 170461.600000094505958, 6849715.200001033954322 ], [ 170395.000000094529241, 6849750.400001033209264 ], [ 170314.900000094436109, 6849762.900001034140587 ], [ 170300.100000094389543, 6849783.000001031905413 ], [ 170255.20000009436626, 6849788.400001032277942 ], [ 170230.400000094436109, 6849813.600001032464206 ], [ 170290.600000094389543, 6849968.00000103097409 ], [ 170244.70000009436626, 6849982.500001032836735 ], [ 170187.300000094342977, 6849979.400001032277942 ], [ 170172.000000094179995, 6849965.600001031532884 ], [ 170102.300000094459392, 6849977.100001030601561 ], [ 170040.800000094459392, 6849975.000001031905413 ], [ 170036.000000094645657, 6849875.100001031532884 ], [ 170006.000000094296411, 6849874.300001030787826 ], [ 169965.400000094436109, 6849924.600001030601561 ], [ 169885.500000094762072, 6849930.300001032650471 ], [ 169636.300000094459392, 6850006.200001031160355 ], [ 169596.500000094529241, 6850026.500001031905413 ], [ 169576.500000094412826, 6850021.700001031160355 ], [ 169571.100000094738789, 6849976.800001033581793 ], [ 169479.300000094692223, 6849984.200001033023 ], [ 169341.200000094482675, 6849977.600001031532884 ], [ 169276.500000094645657, 6850003.100001033395529 ], [ 169206.500000094529241, 6850003.700001031160355 ], [ 169157.000000094645657, 6850058.00000103097409 ], [ 169116.90000009466894, 6850043.400001031346619 ], [ 169067.000000094412826, 6850043.800001030787826 ], [ 169028.000000094529241, 6850070.800001029856503 ], [ 169013.400000094436109, 6850021.900001031346619 ], [ 168939.200000094482675, 6850085.300001030787826 ], [ 168924.600000094505958, 6850086.100001031532884 ], [ 168883.300000094692223, 6850151.100001029670238 ], [ 168811.300000094575807, 6850230.600001029670238 ], [ 168814.600000094505958, 6850302.00000103097409 ], [ 168830.90000009466894, 6850365.200001031160355 ], [ 168826.100000094622374, 6850383.700001030229032 ], [ 168718.100000094505958, 6850376.50000103097409 ], [ 168738.200000094599091, 6850291.700001032091677 ], [ 168673.400000094552524, 6850300.800001032650471 ], [ 168651.200000094599091, 6850230.400001032277942 ], [ 168586.900000094436109, 6850242.700001029297709 ], [ 168554.000000094762072, 6850189.200001033023 ], [ 168492.700000094831921, 6850193.800001031719148 ], [ 168387.900000094785355, 6850151.700001031160355 ], [ 168369.500000094762072, 6850165.500001031905413 ], [ 168357.200000094715506, 6850216.700001031160355 ], [ 168273.000000094645657, 6850232.00000103097409 ], [ 168224.700000094482675, 6850261.00000103097409 ], [ 168228.000000094762072, 6850319.600001029670238 ], [ 168153.300000094808638, 6850329.200001032091677 ], [ 168033.800000094808638, 6850293.700001032091677 ], [ 168084.000000094412826, 6850508.500001029111445 ], [ 168094.500000094762072, 6850596.800001029856503 ], [ 167991.500000094529241, 6850980.100001027807593 ], [ 167978.90000009466894, 6851050.500001030042768 ], [ 167996.400000094319694, 6851342.400001027621329 ], [ 168009.600000094389543, 6851390.200001028366387 ], [ 168037.000000094412826, 6851442.900001028552651 ], [ 168111.000000094412826, 6851536.700001027435064 ], [ 168135.000000094296411, 6851578.900001027621329 ], [ 168238.800000094459392, 6852073.600001025944948 ], [ 168278.100000094273128, 6852195.80000102519989 ], [ 168298.400000094319694, 6852234.100001025944948 ], [ 168296.400000094319694, 6852280.600001025944948 ], [ 168276.600000094273128, 6852315.300001026131213 ], [ 168269.600000094156712, 6852369.600001025013626 ], [ 168302.400000094086863, 6852483.10000102315098 ], [ 168325.50000009406358, 6852524.400001023896039 ], [ 168318.900000094203278, 6852555.800001026131213 ], [ 168329.500000094179995, 6852611.100001024082303 ], [ 168347.00000009406358, 6852840.500001024454832 ], [ 168345.500000093830749, 6853062.500001022592187 ], [ 168364.800000094110146, 6853171.300001023337245 ], [ 168361.200000093900599, 6853208.200001021847129 ], [ 168387.500000093830749, 6853237.100001021288335 ], [ 168442.100000093807466, 6853262.500001022592187 ], [ 168458.100000093923882, 6853206.400001023896039 ], [ 168455.300000093993731, 6853168.200001022778451 ], [ 168485.700000093784183, 6853145.800001023337245 ], [ 168573.200000093900599, 6853128.800001023337245 ], [ 168624.000000093947165, 6853103.300001022405922 ], [ 168687.400000093970448, 6853104.10000102315098 ], [ 168763.700000093667768, 6853054.3000010214746 ], [ 168801.300000094110146, 6853048.700001024641097 ], [ 168885.900000093854032, 6853011.600001022219658 ], [ 168918.600000093923882, 6853020.00000102352351 ], [ 168971.200000094017014, 6853007.900001023896039 ], [ 169005.700000093784183, 6853013.600001022219658 ], [ 169029.600000093807466, 6852978.100001024082303 ], [ 169080.800000093993731, 6852926.200001023709774 ], [ 169132.300000093993731, 6852925.200001023709774 ], [ 169198.50000009406358, 6852902.100001025013626 ], [ 169228.000000093830749, 6852902.900001022964716 ], [ 169340.400000093737617, 6852859.400001022964716 ], [ 169399.900000093970448, 6852847.700001024641097 ], [ 169477.200000093667768, 6852848.400001023896039 ], [ 169572.500000093830749, 6852820.900001023896039 ], [ 169692.500000093947165, 6852799.600001024082303 ], [ 169761.400000093970448, 6852773.60000102315098 ], [ 169858.600000093691051, 6852723.300001023337245 ], [ 169899.000000093481503, 6852712.600001022219658 ], [ 169934.500000093830749, 6852667.100001024082303 ], [ 170009.600000093691051, 6852647.400001024827361 ], [ 170042.000000093830749, 6852649.300001023337245 ], [ 170054.800000093877316, 6852608.700001023709774 ], [ 170035.900000093737617, 6852541.100001024082303 ], [ 170062.100000093691051, 6852480.60000102315098 ], [ 170113.700000093784183, 6852438.400001023896039 ], [ 170144.100000093807466, 6852424.500001024454832 ], [ 170162.700000093551353, 6852453.800001023337245 ], [ 170205.600000093923882, 6852445.900001025758684 ], [ 170296.800000093993731, 6852402.000001026317477 ], [ 170363.8000000937609, 6852348.600001024082303 ], [ 170511.700000093667768, 6852366.700001023709774 ], [ 170547.500000093714334, 6852338.000001024454832 ], [ 170733.900000093854032, 6852373.30000102519989 ], [ 170770.200000093667768, 6852440.800001024268568 ], [ 170827.300000093644485, 6852595.000001025386155 ], [ 170873.000000093481503, 6852669.900001023896039 ], [ 170913.400000093621202, 6852699.300001022405922 ], [ 170943.300000093877316, 6852776.300001026131213 ], [ 170988.000000093597919, 6852832.400001023896039 ], [ 171020.10000009345822, 6852847.700001021847129 ], [ 171041.000000093597919, 6852877.000001022592187 ], [ 171043.800000093411654, 6852997.700001021847129 ], [ 171034.700000093551353, 6853029.700001022778451 ], [ 171043.600000093341805, 6853098.500001020729542 ], [ 171063.200000093434937, 6853184.300001022405922 ], [ 171125.000000093365088, 6853333.600001021288335 ], [ 171143.700000093202107, 6853357.900001021102071 ], [ 171151.000000093481503, 6853454.400001022964716 ], [ 171136.400000093504786, 6853473.900001022033393 ], [ 171204.10000009322539, 6853628.900001021102071 ], [ 171187.400000093271956, 6853778.900001022033393 ], [ 171275.400000093271956, 6853868.400001020170748 ], [ 171298.100000093108974, 6853880.300001020543277 ], [ 171336.500000093132257, 6853860.200001020915806 ], [ 171500.800000093411654, 6853862.600001021288335 ], [ 171561.800000093295239, 6853853.800001019611955 ], [ 171639.100000092876144, 6853824.800001019611955 ], [ 171669.000000093132257, 6853805.600001020357013 ], [ 171693.500000093132257, 6853750.600001020357013 ], [ 171724.900000093155541, 6853719.300001020543277 ], [ 171778.400000093271956, 6853691.000001020729542 ], [ 171800.800000093178824, 6853654.800001020543277 ], [ 171817.200000093085691, 6853593.800001020543277 ], [ 171882.400000093039125, 6853529.700001020915806 ], [ 171893.000000093365088, 6853486.200001022778451 ], [ 171931.800000093295239, 6853436.500001020729542 ], [ 171972.100000093108974, 6853422.700001020915806 ], [ 171993.200000093318522, 6853351.100001022219658 ], [ 171977.000000093365088, 6853294.200001021847129 ], [ 171952.100000093341805, 6853240.000001022592187 ], [ 171928.400000093271956, 6853217.400001022964716 ] ] ] ] } },
{ "type": "Feature", "properties": { "com_name_lo": "plounéventer" }, "geometry": { "type": "MultiPolygon", "coordinates": [ [ [ [ 165774.700000095297582, 6849714.000001031905413 ], [ 165795.400000095251016, 6849834.100001032464206 ], [ 165757.700000095064752, 6849993.300001031719148 ], [ 165776.300000095157884, 6850073.50000103097409 ], [ 165744.700000095181167, 6850085.200001033023 ], [ 165715.800000095390715, 6850117.600001031532884 ], [ 165676.700000095181167, 6850133.900001032277942 ], [ 165703.100000095437281, 6850173.600001032464206 ], [ 165749.100000095320866, 6850298.200001032091677 ], [ 165774.10000009520445, 6850298.00000103097409 ], [ 165813.60000009520445, 6850237.700001031160355 ], [ 165870.000000095344149, 6850222.100001033395529 ], [ 165885.10000009520445, 6850286.300001032650471 ], [ 166000.800000095274299, 6850483.900001032277942 ], [ 166021.200000095064752, 6850557.300001030787826 ], [ 166043.200000095064752, 6850549.400001030415297 ], [ 166098.000000095227733, 6850500.700001031160355 ], [ 166206.000000094994903, 6850474.800001030787826 ], [ 166234.200000094948336, 6850484.100001030601561 ], [ 166302.60000009497162, 6850539.800001030787826 ], [ 166400.000000094994903, 6850600.900001030415297 ], [ 166445.200000094831921, 6850615.900001030415297 ], [ 166461.700000095064752, 6850599.200001031160355 ], [ 166538.10000009497162, 6850582.900001032277942 ], [ 166731.10000009497162, 6850507.800001031719148 ], [ 166765.600000094855204, 6850505.900001031346619 ], [ 166779.400000095018186, 6850542.200001031160355 ], [ 166984.500000094878487, 6850464.400001031346619 ], [ 167007.000000094994903, 6850433.300001031719148 ], [ 167099.300000094925053, 6850362.300001030787826 ], [ 167147.200000095064752, 6850282.600001031532884 ], [ 167201.10000009497162, 6850244.100001031532884 ], [ 167263.600000094738789, 6850237.100001030601561 ], [ 167299.40000009490177, 6850210.100001031532884 ], [ 167363.800000095041469, 6850386.200001032091677 ], [ 167385.700000094831921, 6850470.400001030415297 ], [ 167360.300000094808638, 6850571.400001030415297 ], [ 167360.700000094715506, 6850705.600001028738916 ], [ 167339.10000009497162, 6850730.700001032091677 ], [ 167275.000000094762072, 6850733.600001029670238 ], [ 167235.200000094715506, 6850802.000001030042768 ], [ 167205.300000095041469, 6850817.200001031160355 ], [ 167095.40000009490177, 6850817.100001029670238 ], [ 167045.600000094855204, 6850842.400001031346619 ], [ 167011.100000094622374, 6850897.700001028366387 ], [ 166941.10000009497162, 6850893.200001030229032 ], [ 166921.400000094785355, 6850923.400001029483974 ], [ 166902.100000094855204, 6851018.500001029111445 ], [ 166851.800000095041469, 6850967.900001031346619 ], [ 166736.900000094785355, 6850968.800001027993858 ], [ 166702.100000094855204, 6850994.100001029670238 ], [ 166651.700000094831921, 6851064.500001029111445 ], [ 166569.500000094994903, 6851132.100001029670238 ], [ 166607.300000094808638, 6851252.600001027807593 ], [ 166723.900000094785355, 6851225.100001028738916 ], [ 166728.300000094925053, 6851190.700001030229032 ], [ 166767.300000094692223, 6851174.800001027062535 ], [ 166779.400000094785355, 6851123.100001027807593 ], [ 166850.000000094762072, 6851144.100001028738916 ], [ 166741.700000094948336, 6851241.900001029483974 ], [ 166697.600000094622374, 6851297.900001027621329 ], [ 166677.900000094785355, 6851349.000001028180122 ], [ 166683.400000094552524, 6851600.800001027993858 ], [ 166580.500000094412826, 6851764.000001026317477 ], [ 166551.40000009466894, 6851834.800001026131213 ], [ 166527.800000094808638, 6851857.800001027993858 ], [ 166497.600000094622374, 6851923.100001025944948 ], [ 166456.40000009466894, 6851968.600001026876271 ], [ 166454.500000094762072, 6852033.200001026503742 ], [ 166410.600000094505958, 6852076.000001025386155 ], [ 166405.200000094482675, 6852153.500001026317477 ], [ 166383.800000094692223, 6852181.500001026317477 ], [ 166379.300000094925053, 6852222.100001026876271 ], [ 166350.500000094529241, 6852278.600001025944948 ], [ 166332.900000094436109, 6852341.500001025386155 ], [ 166275.200000094482675, 6852441.900001026690006 ], [ 166277.500000094645657, 6852473.500001025386155 ], [ 166259.40000009466894, 6852539.100001026876271 ], [ 166254.400000094552524, 6852652.900001025758684 ], [ 166239.000000094529241, 6852714.000001024454832 ], [ 166254.200000094482675, 6852766.60000102315098 ], [ 166247.600000094622374, 6852835.400001026690006 ], [ 166175.20000009436626, 6852883.400001024827361 ], [ 166188.500000094529241, 6852981.200001024641097 ], [ 166136.100000094505958, 6852988.900001024827361 ], [ 166091.70000009436626, 6853017.400001023896039 ], [ 166082.900000094552524, 6853038.400001024827361 ], [ 166035.000000094412826, 6853086.100001024082303 ], [ 165941.400000094436109, 6853159.300001022405922 ], [ 165892.800000094226561, 6853323.400001022033393 ], [ 165859.800000094459392, 6853368.800001022405922 ], [ 165718.900000094436109, 6853459.800001022405922 ], [ 165604.800000094575807, 6853498.000001021660864 ], [ 165568.400000094552524, 6853533.100001022219658 ], [ 165571.300000094459392, 6853610.200001022778451 ], [ 165608.000000094296411, 6853662.800001022405922 ], [ 165619.000000094412826, 6853844.800001022405922 ], [ 165648.500000094296411, 6853900.600001021288335 ], [ 165699.900000094319694, 6853933.700001021847129 ], [ 165714.200000094249845, 6853971.000001020729542 ], [ 165736.800000094226561, 6853991.900001021102071 ], [ 165740.400000094203278, 6854024.60000101942569 ], [ 165786.600000094389543, 6854044.400001022964716 ], [ 165776.100000094156712, 6854072.300001019611955 ], [ 165776.100000094273128, 6854138.200001020915806 ], [ 165737.300000094342977, 6854183.200001020915806 ], [ 165716.000000094179995, 6854183.200001019984484 ], [ 165663.000000094179995, 6854281.700001019053161 ], [ 165633.800000094110146, 6854357.700001018121839 ], [ 165635.800000094342977, 6854386.700001020915806 ], [ 165658.200000094249845, 6854426.800001019611955 ], [ 165732.400000094319694, 6854456.60000101942569 ], [ 165880.500000094179995, 6854416.300001019611955 ], [ 165898.700000094133429, 6854349.800001020543277 ], [ 165917.800000093993731, 6854320.300001019611955 ], [ 165945.400000094086863, 6854247.10000101942569 ], [ 165984.700000094249845, 6854204.500001019798219 ], [ 166016.50000009406358, 6854199.000001019798219 ], [ 166056.000000093947165, 6854216.900001020170748 ], [ 166081.500000094296411, 6854189.900001022033393 ], [ 166142.200000094133429, 6854205.700001020915806 ], [ 166170.900000094086863, 6854180.300001019611955 ], [ 166202.100000094273128, 6854154.700001020915806 ], [ 166239.000000094296411, 6854165.000001022592187 ], [ 166279.900000094203278, 6854154.700001019984484 ], [ 166303.400000094203278, 6854107.700001020915806 ], [ 166280.500000094296411, 6854053.3000010214746 ], [ 166393.800000094226561, 6853927.400001021102071 ], [ 166427.900000094203278, 6853913.000001020729542 ], [ 166441.100000094156712, 6853885.00000102352351 ], [ 166483.700000093900599, 6853868.300001019611955 ], [ 166532.300000094342977, 6853889.8000010214746 ], [ 166546.100000094273128, 6853865.500001021660864 ], [ 166598.700000094017014, 6853842.100001020357013 ], [ 166623.200000094133429, 6853877.900001022033393 ], [ 166659.700000094249845, 6853879.600001020357013 ], [ 166707.800000094110146, 6853849.600001020357013 ], [ 166744.900000094086863, 6853883.700001020915806 ], [ 166768.50000009406358, 6853859.300001019611955 ], [ 166816.800000093993731, 6853846.300001020543277 ], [ 166890.300000094110146, 6853787.200001020915806 ], [ 166915.200000094017014, 6853779.900001021102071 ], [ 166970.600000094040297, 6853718.500001020729542 ], [ 167033.900000094086863, 6853715.000001021660864 ], [ 167067.700000094017014, 6853752.500001021660864 ], [ 167112.900000094086863, 6853768.600001021288335 ], [ 167134.700000094017014, 6853761.700001020915806 ], [ 167212.000000094179995, 6853683.10000102315098 ], [ 167255.300000094110146, 6853587.900001022964716 ], [ 167368.700000093900599, 6853540.3000010214746 ], [ 167407.200000094017014, 6853551.500001021660864 ], [ 167420.300000094342977, 6853531.200001023709774 ], [ 167468.900000094086863, 6853511.000001021660864 ], [ 167486.100000094040297, 6853489.700001022778451 ], [ 167555.200000094017014, 6853487.700001022778451 ], [ 167624.100000094040297, 6853454.500001022592187 ], [ 167736.500000093830749, 6853476.800001019611955 ], [ 167792.900000094086863, 6853441.700001023709774 ], [ 167849.900000094086863, 6853437.800001023337245 ], [ 167869.000000093947165, 6853402.500001021660864 ], [ 167915.100000093923882, 6853384.200001021847129 ], [ 167974.900000094086863, 6853407.700001021847129 ], [ 168031.000000094179995, 6853374.600001022219658 ], [ 168023.100000093923882, 6853340.3000010214746 ], [ 168031.500000094179995, 6853290.200001023709774 ], [ 168079.600000094156712, 6853272.50000102352351 ], [ 168106.000000093830749, 6853277.400001022033393 ], [ 168201.800000093993731, 6853325.800001022405922 ], [ 168303.000000093947165, 6853339.900001022033393 ], [ 168349.600000093691051, 6853368.300001020543277 ], [ 168384.000000093947165, 6853356.100001022219658 ], [ 168425.900000093970448, 6853302.100001022219658 ], [ 168442.100000093807466, 6853262.500001022592187 ], [ 168387.500000093830749, 6853237.100001021288335 ], [ 168361.200000093900599, 6853208.200001021847129 ], [ 168364.800000094110146, 6853171.300001023337245 ], [ 168345.500000093830749, 6853062.500001022592187 ], [ 168347.00000009406358, 6852840.500001024454832 ], [ 168329.500000094179995, 6852611.100001024082303 ], [ 168318.900000094203278, 6852555.800001026131213 ], [ 168325.50000009406358, 6852524.400001023896039 ], [ 168302.400000094086863, 6852483.10000102315098 ], [ 168269.600000094156712, 6852369.600001025013626 ], [ 168276.600000094273128, 6852315.300001026131213 ], [ 168296.400000094319694, 6852280.600001025944948 ], [ 168298.400000094319694, 6852234.100001025944948 ], [ 168278.100000094273128, 6852195.80000102519989 ], [ 168238.800000094459392, 6852073.600001025944948 ], [ 168135.000000094296411, 6851578.900001027621329 ], [ 168111.000000094412826, 6851536.700001027435064 ], [ 168037.000000094412826, 6851442.900001028552651 ], [ 168009.600000094389543, 6851390.200001028366387 ], [ 167996.400000094319694, 6851342.400001027621329 ], [ 167978.90000009466894, 6851050.500001030042768 ], [ 167991.500000094529241, 6850980.100001027807593 ], [ 168094.500000094762072, 6850596.800001029856503 ], [ 168084.000000094412826, 6850508.500001029111445 ], [ 168033.800000094808638, 6850293.700001032091677 ], [ 168153.300000094808638, 6850329.200001032091677 ], [ 168228.000000094762072, 6850319.600001029670238 ], [ 168224.700000094482675, 6850261.00000103097409 ], [ 168273.000000094645657, 6850232.00000103097409 ], [ 168357.200000094715506, 6850216.700001031160355 ], [ 168369.500000094762072, 6850165.500001031905413 ], [ 168387.900000094785355, 6850151.700001031160355 ], [ 168492.700000094831921, 6850193.800001031719148 ], [ 168554.000000094762072, 6850189.200001033023 ], [ 168586.900000094436109, 6850242.700001029297709 ], [ 168651.200000094599091, 6850230.400001032277942 ], [ 168673.400000094552524, 6850300.800001032650471 ], [ 168738.200000094599091, 6850291.700001032091677 ], [ 168718.100000094505958, 6850376.50000103097409 ], [ 168826.100000094622374, 6850383.700001030229032 ], [ 168830.90000009466894, 6850365.200001031160355 ], [ 168814.600000094505958, 6850302.00000103097409 ], [ 168811.300000094575807, 6850230.600001029670238 ], [ 168883.300000094692223, 6850151.100001029670238 ], [ 168924.600000094505958, 6850086.100001031532884 ], [ 168939.200000094482675, 6850085.300001030787826 ], [ 169013.400000094436109, 6850021.900001031346619 ], [ 169028.000000094529241, 6850070.800001029856503 ], [ 169067.000000094412826, 6850043.800001030787826 ], [ 169116.90000009466894, 6850043.400001031346619 ], [ 169157.000000094645657, 6850058.00000103097409 ], [ 169206.500000094529241, 6850003.700001031160355 ], [ 169276.500000094645657, 6850003.100001033395529 ], [ 169341.200000094482675, 6849977.600001031532884 ], [ 169479.300000094692223, 6849984.200001033023 ], [ 169571.100000094738789, 6849976.800001033581793 ], [ 169576.500000094412826, 6850021.700001031160355 ], [ 169596.500000094529241, 6850026.500001031905413 ], [ 169636.300000094459392, 6850006.200001031160355 ], [ 169885.500000094762072, 6849930.300001032650471 ], [ 169965.400000094436109, 6849924.600001030601561 ], [ 170006.000000094296411, 6849874.300001030787826 ], [ 170036.000000094645657, 6849875.100001031532884 ], [ 170040.800000094459392, 6849975.000001031905413 ], [ 170102.300000094459392, 6849977.100001030601561 ], [ 170172.000000094179995, 6849965.600001031532884 ], [ 170187.300000094342977, 6849979.400001032277942 ], [ 170244.70000009436626, 6849982.500001032836735 ], [ 170290.600000094389543, 6849968.00000103097409 ], [ 170230.400000094436109, 6849813.600001032464206 ], [ 170255.20000009436626, 6849788.400001032277942 ], [ 170300.100000094389543, 6849783.000001031905413 ], [ 170314.900000094436109, 6849762.900001034140587 ], [ 170395.000000094529241, 6849750.400001033209264 ], [ 170461.600000094505958, 6849715.200001033954322 ], [ 170485.400000094552524, 6849736.600001031532884 ], [ 170602.500000094296411, 6849802.300001031719148 ], [ 170604.000000094296411, 6849651.00000103097409 ], [ 170630.800000094459392, 6849583.000001032836735 ], [ 170591.000000094529241, 6849437.700001033954322 ], [ 170617.400000094436109, 6849427.800001032650471 ], [ 170676.600000094273128, 6849341.600001033395529 ], [ 170706.800000094575807, 6849322.800001035444438 ], [ 170672.400000094552524, 6849232.400001034140587 ], [ 170677.300000094342977, 6849217.400001034140587 ], [ 170817.200000094482675, 6849216.300001034513116 ], [ 170872.100000094389543, 6849200.800001033581793 ], [ 170949.700000094482675, 6849162.100001033395529 ], [ 170977.90000009466894, 6849232.800001035444438 ], [ 171057.000000094296411, 6849205.300001032650471 ], [ 171097.600000094505958, 6849159.800001034513116 ], [ 171173.70000009436626, 6849204.300001033581793 ], [ 171199.800000094459392, 6849260.300001033581793 ], [ 171282.000000094179995, 6849229.500001032836735 ], [ 171392.000000094179995, 6849238.600001032464206 ], [ 171421.800000094575807, 6849208.400001033209264 ], [ 171396.600000094273128, 6849183.600001032464206 ], [ 171321.500000094412826, 6849169.200001033954322 ], [ 171277.200000094482675, 6849124.600001034326851 ], [ 171276.70000009436626, 6849059.700001034885645 ], [ 171309.300000094342977, 6848945.000001033768058 ], [ 171317.500000094412826, 6848946.700001033954322 ], [ 171365.600000094389543, 6848804.100001034326851 ], [ 171290.300000094459392, 6848769.700001035816967 ], [ 171270.100000094156712, 6848744.900001033209264 ], [ 171250.100000094389543, 6848536.800001035444438 ], [ 171137.100000094738789, 6848530.300001035444438 ], [ 170733.100000094622374, 6848480.600001036189497 ], [ 170566.600000094622374, 6848531.800001034513116 ], [ 170543.700000094599091, 6848504.900001034140587 ], [ 170615.300000094575807, 6848438.000001035630703 ], [ 170685.800000094692223, 6848191.800001036375761 ], [ 170543.500000094762072, 6848233.100001036189497 ], [ 170518.60000009497162, 6848248.300001037307084 ], [ 170518.200000094715506, 6848323.200001035816967 ], [ 170368.90000009490177, 6848398.400001037865877 ], [ 170319.300000094692223, 6848433.800001035444438 ], [ 170284.300000094808638, 6848439.00000103469938 ], [ 170198.500000094878487, 6848334.800001036375761 ], [ 170193.400000094785355, 6848319.800001035444438 ], [ 170222.800000095041469, 6848244.600001036189497 ], [ 170258.100000094855204, 6848279.300001036375761 ], [ 170278.000000094645657, 6848279.20000103674829 ], [ 170353.200000094831921, 6848183.600001035258174 ], [ 170292.500000094762072, 6848089.20000103674829 ], [ 170292.40000009490177, 6848069.200001035816967 ], [ 170382.10000009497162, 6848048.500001037493348 ], [ 170376.700000094831921, 6847998.600001035258174 ], [ 170427.500000094878487, 6847973.200001037679613 ], [ 170456.800000094808638, 6847893.000001037493348 ], [ 170491.500000094994903, 6847858.700001037679613 ], [ 170576.300000094808638, 6847838.100001037120819 ], [ 170607.000000094762072, 6847922.800001036375761 ], [ 170636.700000094599091, 6847892.600001036189497 ], [ 170656.900000094785355, 6847922.400001036934555 ], [ 170746.800000094925053, 6847917.700001037679613 ], [ 170701.300000094692223, 6847842.100001036189497 ], [ 170670.500000094878487, 6847747.400001036934555 ], [ 170646.200000094715506, 6847702.600001038052142 ], [ 170611.000000094878487, 6847677.900001037865877 ], [ 170394.400000095018186, 6847463.800001039169729 ], [ 170349.900000095018186, 6847399.200001038610935 ], [ 170349.60000009520445, 6847354.200001039542258 ], [ 170369.400000095018186, 6847329.100001038983464 ], [ 170434.000000094994903, 6847283.600001038983464 ], [ 170438.800000095157884, 6847268.500001039355993 ], [ 170383.500000095111318, 6847219.000001039355993 ], [ 170323.200000095181167, 6847184.500001041218638 ], [ 170318.10000009520445, 6847169.600001038983464 ], [ 170363.700000094948336, 6847119.200001039542258 ], [ 170433.40000009490177, 6847083.700001038610935 ], [ 170468.000000095111318, 6847038.500001039355993 ], [ 170487.300000095041469, 6846958.400001039728522 ], [ 170507.10000009497162, 6846928.200001041404903 ], [ 170596.600000095088035, 6846873.500001040287316 ], [ 170592.500000094878487, 6846858.600001038052142 ], [ 170517.200000095181167, 6846823.200001041404903 ], [ 170436.800000095274299, 6846763.900001041591167 ], [ 170391.700000095064752, 6846754.300001040101051 ], [ 170436.000000094994903, 6846664.000001040287316 ], [ 170455.900000095134601, 6846653.800001040101051 ], [ 170496.200000095181167, 6846698.400001040659845 ], [ 170516.200000095064752, 6846698.300001040101051 ], [ 170560.800000095274299, 6846653.000001041218638 ], [ 170536.200000095181167, 6846568.20000104047358 ], [ 170595.800000095041469, 6846528.800001040101051 ], [ 170626.10000009497162, 6846568.500001040287316 ], [ 170661.10000009497162, 6846573.20000104047358 ], [ 170775.400000095251016, 6846612.300001041032374 ], [ 170845.400000095251016, 6846617.700001042336226 ], [ 170843.400000095134601, 6846496.800001040101051 ], [ 170861.500000094994903, 6846477.100001039914787 ], [ 170937.500000095227733, 6846455.800001041032374 ], [ 171120.300000095041469, 6846461.700001041404903 ], [ 171120.000000095227733, 6846386.100001041777432 ], [ 171164.500000095344149, 6846353.800001043826342 ], [ 171196.400000095018186, 6846309.700001041404903 ], [ 171244.90000009490177, 6846275.000001040287316 ], [ 171332.60000009497162, 6846152.000001040287316 ], [ 171353.900000095134601, 6846109.700001041404903 ], [ 171365.700000095064752, 6846056.200001041404903 ], [ 171406.000000095227733, 6846000.200001044198871 ], [ 171461.500000095111318, 6845963.600001041777432 ], [ 171492.000000095227733, 6845909.200001043267548 ], [ 171557.10000009497162, 6845842.500001043081284 ], [ 171566.60000009520445, 6845789.900001044385135 ], [ 171585.500000095111318, 6845760.200001043267548 ], [ 171595.500000094994903, 6845704.000001042149961 ], [ 171580.400000095134601, 6845667.200001041404903 ], [ 171599.900000095134601, 6845593.200001043267548 ], [ 171623.000000095111318, 6845550.200001043267548 ], [ 171613.000000095111318, 6845509.000001044943929 ], [ 171620.000000095227733, 6845461.300001044757664 ], [ 171634.900000095251016, 6845440.6000010445714 ], [ 171538.400000095251016, 6845377.600001042708755 ], [ 171531.200000095181167, 6845360.000001044012606 ], [ 171488.100000095320866, 6845344.300001044757664 ], [ 171459.400000095251016, 6845278.600001043640077 ], [ 171473.300000095274299, 6845218.6000010445714 ], [ 171524.900000095367432, 6845245.1000010445714 ], [ 171548.800000095274299, 6845100.000001044012606 ], [ 171488.200000095413998, 6844904.600001045502722 ], [ 171453.200000095413998, 6844894.90000104624778 ], [ 171433.000000095344149, 6844849.100001046434045 ], [ 171359.700000095297582, 6844863.100001046434045 ], [ 171322.400000095251016, 6844861.200001045130193 ], [ 171284.800000095390715, 6844841.000001044943929 ], [ 171235.60000009520445, 6844834.1000010445714 ], [ 171161.900000095600262, 6844801.000001045875251 ], [ 170949.200000095297582, 6844740.300001044757664 ], [ 170842.900000095483847, 6844693.700001046061516 ], [ 170665.000000095460564, 6844655.40000104624778 ], [ 170558.100000095437281, 6844659.700001045130193 ], [ 170497.600000095670111, 6844647.600001046434045 ], [ 170461.800000095739961, 6844612.700001046992838 ], [ 170474.600000095670111, 6844552.90000104624778 ], [ 170411.300000095972791, 6844396.700001048855484 ], [ 170353.200000095646828, 6844334.100001047365367 ], [ 170296.200000095763244, 6844302.600001046434045 ], [ 170237.900000095833093, 6844293.10000104829669 ], [ 170224.100000095786527, 6844280.100001047365367 ], [ 170185.300000096089207, 6844178.400001049041748 ], [ 170139.600000095670111, 6844122.400001047179103 ], [ 170065.000000095693395, 6844072.400001048110425 ], [ 169973.100000096019357, 6844058.600001049228013 ], [ 169924.100000095902942, 6844039.10000104829669 ], [ 169885.700000095879659, 6844003.400001049041748 ], [ 169834.300000095972791, 6843995.700001048855484 ], [ 169777.200000095763244, 6844024.200001047924161 ], [ 169660.20000009611249, 6844035.800001049414277 ], [ 169569.900000096065924, 6844019.800001048482955 ], [ 169536.100000095670111, 6844007.700001047924161 ], [ 169502.000000095926225, 6843979.600001047365367 ], [ 169456.900000095949508, 6844005.10000104829669 ], [ 169538.200000095996074, 6844050.900001049041748 ], [ 169578.700000095763244, 6844064.900001048110425 ], [ 169691.600000095902942, 6844068.800001048482955 ], [ 169682.500000095926225, 6844095.400001048110425 ], [ 169567.700000095996074, 6844090.700001048855484 ], [ 169595.900000095949508, 6844205.400001049041748 ], [ 169545.900000095833093, 6844382.700001047924161 ], [ 169450.500000095926225, 6844366.900001048110425 ], [ 169316.900000095949508, 6844328.500001047737896 ], [ 169302.100000096019357, 6844398.600001047365367 ], [ 169275.600000095902942, 6844396.100001047365367 ], [ 169273.200000095879659, 6844439.000001046806574 ], [ 169161.300000095972791, 6844355.700001047924161 ], [ 169088.500000096042641, 6844318.300001048482955 ], [ 169076.900000096065924, 6844406.10000104829669 ], [ 169079.900000095949508, 6844468.800001047551632 ], [ 169039.100000095902942, 6844642.300001046620309 ], [ 168859.900000096065924, 6844421.700001046992838 ], [ 168817.400000096182339, 6844457.400001049041748 ], [ 168784.600000095902942, 6844467.900001047179103 ], [ 168700.900000095949508, 6844471.800001046620309 ], [ 168651.900000095949508, 6844507.600001047365367 ], [ 168650.300000096089207, 6844560.700001047924161 ], [ 168630.600000096135773, 6844579.800001048482955 ], [ 168570.700000095763244, 6844717.700001046992838 ], [ 168516.700000095879659, 6844807.100001046434045 ], [ 168579.500000096042641, 6844841.000001047737896 ], [ 168681.000000095576979, 6845002.700001044198871 ], [ 168752.000000095926225, 6845095.800001046620309 ], [ 168774.000000095926225, 6845111.200001045130193 ], [ 168883.300000095972791, 6845113.500001045875251 ], [ 168929.100000095786527, 6845181.800001043826342 ], [ 168970.00000009580981, 6845215.800001046620309 ], [ 169009.700000095646828, 6845298.300001045688987 ], [ 169039.400000095716678, 6845304.300001044757664 ], [ 169071.300000095739961, 6845330.700001044198871 ], [ 169055.500000095693395, 6845370.90000104624778 ], [ 169090.700000095530413, 6845400.600001042708755 ], [ 169155.900000095833093, 6845425.000001044012606 ], [ 169191.400000095483847, 6845489.700001044198871 ], [ 169217.700000095530413, 6845566.800001044757664 ], [ 169391.200000095413998, 6845591.400001043453813 ], [ 169415.300000095739961, 6845586.000001045875251 ], [ 169438.600000095437281, 6845556.700001043267548 ], [ 169577.200000095646828, 6845618.500001044012606 ], [ 169597.400000095716678, 6845648.300001043826342 ], [ 169741.600000095437281, 6845698.700001045130193 ], [ 169719.200000095530413, 6845809.700001043267548 ], [ 169682.800000095623545, 6845852.000001044943929 ], [ 169654.300000095390715, 6845948.900001043453813 ], [ 169652.000000095460564, 6846010.200001042336226 ], [ 169620.500000095344149, 6846053.600001042708755 ], [ 169586.300000095623545, 6846078.300001043826342 ], [ 169497.100000095437281, 6846053.000001044012606 ], [ 169463.800000095623545, 6846076.800001041963696 ], [ 169401.600000095320866, 6846159.100001043640077 ], [ 169389.700000095181167, 6846202.600001040846109 ], [ 169311.100000095437281, 6846160.100001042708755 ], [ 169246.200000095413998, 6846388.200001041404903 ], [ 169219.200000095413998, 6846376.600001041777432 ], [ 169103.700000095413998, 6846465.800001041032374 ], [ 169136.300000095623545, 6846491.100001039914787 ], [ 169100.100000095437281, 6846561.500001041218638 ], [ 169043.400000095483847, 6846616.500001041218638 ], [ 169067.200000095413998, 6846675.000001042149961 ], [ 169081.300000095623545, 6846736.700001042336226 ], [ 169068.200000095413998, 6846798.40000104252249 ], [ 168997.600000095320866, 6846869.600001039914787 ], [ 168982.500000095460564, 6846903.200001041404903 ], [ 169006.10000009520445, 6847075.700001039542258 ], [ 168874.100000095553696, 6847107.70000104047358 ], [ 168777.700000095181167, 6847174.500001041218638 ], [ 168741.800000095274299, 6847163.600001038983464 ], [ 168658.900000095483847, 6847119.600001039914787 ], [ 168601.300000095623545, 6847073.100001041777432 ], [ 168491.400000095483847, 6847009.600001039914787 ], [ 168420.600000095437281, 6846949.000001040287316 ], [ 168362.100000095437281, 6846947.700001039542258 ], [ 168315.100000095437281, 6846885.000001040287316 ], [ 168408.80000009550713, 6846722.500001040287316 ], [ 168486.900000095600262, 6846652.800001040101051 ], [ 168499.700000095646828, 6846601.400001041591167 ], [ 168493.900000095600262, 6846516.90000104252249 ], [ 168425.600000095553696, 6846414.900001041591167 ], [ 168399.900000095716678, 6846347.90000104252249 ], [ 168385.500000095460564, 6846333.700001042336226 ], [ 168316.600000095553696, 6846308.900001043453813 ], [ 168284.400000095483847, 6846262.300001041032374 ], [ 168243.000000095576979, 6846263.90000104252249 ], [ 168172.900000095949508, 6846221.700001043267548 ], [ 168053.600000095670111, 6846171.500001043081284 ], [ 168024.600000095670111, 6846140.900001043453813 ], [ 167981.500000095693395, 6846137.000001042149961 ], [ 167909.900000095716678, 6846104.300001041963696 ], [ 167881.200000095646828, 6846111.800001042895019 ], [ 167813.500000095926225, 6846084.6000010445714 ], [ 167802.600000095786527, 6846036.700001043267548 ], [ 167756.600000095902942, 6846017.000001044012606 ], [ 167729.100000095786527, 6845978.700001043267548 ], [ 167599.700000095996074, 6845939.800001043826342 ], [ 167572.600000095902942, 6845955.100001042708755 ], [ 167585.900000095949508, 6845988.600001042708755 ], [ 167631.200000095646828, 6846030.100001041777432 ], [ 167626.000000095926225, 6846070.000001043081284 ], [ 167600.00000009580981, 6846114.100001042708755 ], [ 167458.900000095949508, 6846152.700001044198871 ], [ 167434.700000095763244, 6846177.200001042336226 ], [ 167435.900000095949508, 6846216.300001043826342 ], [ 167422.800000095972791, 6846259.700001043267548 ], [ 167391.900000095833093, 6846280.600001042708755 ], [ 167375.100000095786527, 6846327.000001042149961 ], [ 167387.200000095646828, 6846346.40000104252249 ], [ 167358.400000095716678, 6846410.000001041218638 ], [ 167358.300000095972791, 6846453.700001043267548 ], [ 167344.000000095926225, 6846499.300001042895019 ], [ 167286.300000095856376, 6846531.700001043267548 ], [ 167242.600000095670111, 6846527.300001040101051 ], [ 167204.000000095926225, 6846538.600001041777432 ], [ 167060.200000095879659, 6846667.200001042336226 ], [ 167041.00000009580981, 6846727.000001041218638 ], [ 167009.200000095763244, 6846756.40000104252249 ], [ 166930.200000095996074, 6846768.700001042336226 ], [ 166778.100000095902942, 6846760.200001041404903 ], [ 166773.200000095763244, 6846770.200001041404903 ], [ 166831.100000095786527, 6846814.200001041404903 ], [ 166801.500000095926225, 6846937.800001041963696 ], [ 166808.400000095716678, 6847000.300001040101051 ], [ 166872.500000095926225, 6847025.700001042336226 ], [ 166863.700000095763244, 6847053.800001040101051 ], [ 166824.200000095530413, 6847112.600001038983464 ], [ 166770.400000095716678, 6847239.300001039169729 ], [ 166751.00000009580981, 6847370.000001040287316 ], [ 166691.900000095600262, 6847595.4000010387972 ], [ 166603.700000095530413, 6847838.100001038052142 ], [ 166568.300000095623545, 6847860.300001036375761 ], [ 166543.400000095716678, 6847934.200001039542258 ], [ 166515.200000095646828, 6847918.600001037120819 ], [ 166430.80000009550713, 6847971.100001037120819 ], [ 166408.100000095786527, 6847976.4000010387972 ], [ 166372.000000095576979, 6847929.800001037307084 ], [ 166318.400000095367432, 6847882.200001037679613 ], [ 166254.500000095693395, 6847920.300001037307084 ], [ 166287.200000095646828, 6847966.000001039355993 ], [ 166213.900000095716678, 6847997.900001039728522 ], [ 166178.400000095600262, 6847960.900001037865877 ], [ 166026.000000095693395, 6848013.9000010387972 ], [ 166055.00000009580981, 6848049.400001037865877 ], [ 166095.400000095716678, 6848080.400001036003232 ], [ 166009.900000095483847, 6848141.300001037307084 ], [ 165889.900000095716678, 6848197.700001038610935 ], [ 165830.600000095553696, 6848213.600001036189497 ], [ 165850.400000095600262, 6848364.600001037120819 ], [ 165807.200000095413998, 6848679.100001035258174 ], [ 165785.700000095530413, 6848911.200001035816967 ], [ 165763.300000095623545, 6849001.400001035071909 ], [ 165770.000000095344149, 6849133.200001034885645 ], [ 165750.900000095367432, 6849314.100001034326851 ], [ 165787.500000095344149, 6849555.000001032836735 ], [ 165774.700000095297582, 6849714.000001031905413 ] ] ] ] } },
{ "type": "Feature", "properties": { "com_name_lo": "lanneuffret" }, "geometry": { "type": "MultiPolygon", "coordinates": [ [ [ [ 167519.400000096065924, 6845592.000001045875251 ], [ 167476.300000095972791, 6845742.500001044012606 ], [ 167498.800000096089207, 6845817.200001045130193 ], [ 167509.200000095879659, 6845959.200001044198871 ], [ 167572.600000095902942, 6845955.100001042708755 ], [ 167599.700000095996074, 6845939.800001043826342 ], [ 167729.100000095786527, 6845978.700001043267548 ], [ 167756.600000095902942, 6846017.000001044012606 ], [ 167802.600000095786527, 6846036.700001043267548 ], [ 167813.500000095926225, 6846084.6000010445714 ], [ 167881.200000095646828, 6846111.800001042895019 ], [ 167909.900000095716678, 6846104.300001041963696 ], [ 167981.500000095693395, 6846137.000001042149961 ], [ 168024.600000095670111, 6846140.900001043453813 ], [ 168053.600000095670111, 6846171.500001043081284 ], [ 168172.900000095949508, 6846221.700001043267548 ], [ 168243.000000095576979, 6846263.90000104252249 ], [ 168284.400000095483847, 6846262.300001041032374 ], [ 168316.600000095553696, 6846308.900001043453813 ], [ 168385.500000095460564, 6846333.700001042336226 ], [ 168399.900000095716678, 6846347.90000104252249 ], [ 168425.600000095553696, 6846414.900001041591167 ], [ 168493.900000095600262, 6846516.90000104252249 ], [ 168499.700000095646828, 6846601.400001041591167 ], [ 168486.900000095600262, 6846652.800001040101051 ], [ 168408.80000009550713, 6846722.500001040287316 ], [ 168315.100000095437281, 6846885.000001040287316 ], [ 168362.100000095437281, 6846947.700001039542258 ], [ 168420.600000095437281, 6846949.000001040287316 ], [ 168491.400000095483847, 6847009.600001039914787 ], [ 168601.300000095623545, 6847073.100001041777432 ], [ 168658.900000095483847, 6847119.600001039914787 ], [ 168741.800000095274299, 6847163.600001038983464 ], [ 168777.700000095181167, 6847174.500001041218638 ], [ 168874.100000095553696, 6847107.70000104047358 ], [ 169006.10000009520445, 6847075.700001039542258 ], [ 168982.500000095460564, 6846903.200001041404903 ], [ 168997.600000095320866, 6846869.600001039914787 ], [ 169068.200000095413998, 6846798.40000104252249 ], [ 169081.300000095623545, 6846736.700001042336226 ], [ 169067.200000095413998, 6846675.000001042149961 ], [ 169043.400000095483847, 6846616.500001041218638 ], [ 169100.100000095437281, 6846561.500001041218638 ], [ 169136.300000095623545, 6846491.100001039914787 ], [ 169103.700000095413998, 6846465.800001041032374 ], [ 169219.200000095413998, 6846376.600001041777432 ], [ 169246.200000095413998, 6846388.200001041404903 ], [ 169311.100000095437281, 6846160.100001042708755 ], [ 169389.700000095181167, 6846202.600001040846109 ], [ 169401.600000095320866, 6846159.100001043640077 ], [ 169463.800000095623545, 6846076.800001041963696 ], [ 169497.100000095437281, 6846053.000001044012606 ], [ 169586.300000095623545, 6846078.300001043826342 ], [ 169620.500000095344149, 6846053.600001042708755 ], [ 169652.000000095460564, 6846010.200001042336226 ], [ 169654.300000095390715, 6845948.900001043453813 ], [ 169682.800000095623545, 6845852.000001044943929 ], [ 169719.200000095530413, 6845809.700001043267548 ], [ 169741.600000095437281, 6845698.700001045130193 ], [ 169597.400000095716678, 6845648.300001043826342 ], [ 169577.200000095646828, 6845618.500001044012606 ], [ 169438.600000095437281, 6845556.700001043267548 ], [ 169415.300000095739961, 6845586.000001045875251 ], [ 169391.200000095413998, 6845591.400001043453813 ], [ 169217.700000095530413, 6845566.800001044757664 ], [ 169191.400000095483847, 6845489.700001044198871 ], [ 169155.900000095833093, 6845425.000001044012606 ], [ 169090.700000095530413, 6845400.600001042708755 ], [ 169055.500000095693395, 6845370.90000104624778 ], [ 169071.300000095739961, 6845330.700001044198871 ], [ 169039.400000095716678, 6845304.300001044757664 ], [ 169009.700000095646828, 6845298.300001045688987 ], [ 168970.00000009580981, 6845215.800001046620309 ], [ 168929.100000095786527, 6845181.800001043826342 ], [ 168883.300000095972791, 6845113.500001045875251 ], [ 168774.000000095926225, 6845111.200001045130193 ], [ 168752.000000095926225, 6845095.800001046620309 ], [ 168681.000000095576979, 6845002.700001044198871 ], [ 168579.500000096042641, 6844841.000001047737896 ], [ 168516.700000095879659, 6844807.100001046434045 ], [ 168476.400000095949508, 6844824.700001046061516 ], [ 168440.600000096135773, 6844880.400001048110425 ], [ 168452.50000009580981, 6844929.300001045688987 ], [ 168451.300000095972791, 6845061.90000104624778 ], [ 168461.600000095902942, 6845115.500001045875251 ], [ 168477.900000096065924, 6845124.600001046434045 ], [ 168471.900000095949508, 6845193.000001044943929 ], [ 168461.700000095763244, 6845218.500001044943929 ], [ 168457.400000096298754, 6845291.700001046992838 ], [ 168469.400000095833093, 6845335.000001044943929 ], [ 168426.500000095926225, 6845442.500001044943929 ], [ 168333.000000095926225, 6845427.800001045688987 ], [ 168329.400000095949508, 6845441.700001046061516 ], [ 168272.00000009580981, 6845451.300001044757664 ], [ 168231.500000095926225, 6845495.500001043081284 ], [ 168155.600000095902942, 6845549.100001043640077 ], [ 168113.100000095902942, 6845538.40000104624778 ], [ 167996.500000095926225, 6845534.000001044943929 ], [ 167919.500000095926225, 6845504.6000010445714 ], [ 167842.300000095856376, 6845615.400001044385135 ], [ 167789.100000095786527, 6845613.900001043453813 ], [ 167749.900000095949508, 6845656.900001045316458 ], [ 167727.700000095996074, 6845666.300001043826342 ], [ 167657.500000095926225, 6845631.900001045316458 ], [ 167519.400000096065924, 6845592.000001045875251 ] ] ] ] } },
{ "type": "Feature", "properties": { "com_name_lo": "saint-méen" }, "geometry": { "type": "MultiPolygon", "coordinates": [ [ [ [ 166170.900000094086863, 6854180.300001019611955 ], [ 166142.200000094133429, 6854205.700001020915806 ], [ 166081.500000094296411, 6854189.900001022033393 ], [ 166056.000000093947165, 6854216.900001020170748 ], [ 166016.50000009406358, 6854199.000001019798219 ], [ 165984.700000094249845, 6854204.500001019798219 ], [ 165945.400000094086863, 6854247.10000101942569 ], [ 165917.800000093993731, 6854320.300001019611955 ], [ 165898.700000094133429, 6854349.800001020543277 ], [ 165880.500000094179995, 6854416.300001019611955 ], [ 165732.400000094319694, 6854456.60000101942569 ], [ 165658.200000094249845, 6854426.800001019611955 ], [ 165635.800000094342977, 6854386.700001020915806 ], [ 165633.800000094110146, 6854357.700001018121839 ], [ 165663.000000094179995, 6854281.700001019053161 ], [ 165716.000000094179995, 6854183.200001019984484 ], [ 165737.300000094342977, 6854183.200001020915806 ], [ 165776.100000094273128, 6854138.200001020915806 ], [ 165776.100000094156712, 6854072.300001019611955 ], [ 165786.600000094389543, 6854044.400001022964716 ], [ 165740.400000094203278, 6854024.60000101942569 ], [ 165736.800000094226561, 6853991.900001021102071 ], [ 165714.200000094249845, 6853971.000001020729542 ], [ 165699.900000094319694, 6853933.700001021847129 ], [ 165648.500000094296411, 6853900.600001021288335 ], [ 165619.000000094412826, 6853844.800001022405922 ], [ 165608.000000094296411, 6853662.800001022405922 ], [ 165571.300000094459392, 6853610.200001022778451 ], [ 165568.400000094552524, 6853533.100001022219658 ], [ 165604.800000094575807, 6853498.000001021660864 ], [ 165718.900000094436109, 6853459.800001022405922 ], [ 165859.800000094459392, 6853368.800001022405922 ], [ 165892.800000094226561, 6853323.400001022033393 ], [ 165941.400000094436109, 6853159.300001022405922 ], [ 166035.000000094412826, 6853086.100001024082303 ], [ 166082.900000094552524, 6853038.400001024827361 ], [ 166091.70000009436626, 6853017.400001023896039 ], [ 166136.100000094505958, 6852988.900001024827361 ], [ 166188.500000094529241, 6852981.200001024641097 ], [ 166175.20000009436626, 6852883.400001024827361 ], [ 166247.600000094622374, 6852835.400001026690006 ], [ 166254.200000094482675, 6852766.60000102315098 ], [ 166239.000000094529241, 6852714.000001024454832 ], [ 166254.400000094552524, 6852652.900001025758684 ], [ 166259.40000009466894, 6852539.100001026876271 ], [ 166277.500000094645657, 6852473.500001025386155 ], [ 166275.200000094482675, 6852441.900001026690006 ], [ 166332.900000094436109, 6852341.500001025386155 ], [ 166350.500000094529241, 6852278.600001025944948 ], [ 166379.300000094925053, 6852222.100001026876271 ], [ 166383.800000094692223, 6852181.500001026317477 ], [ 166405.200000094482675, 6852153.500001026317477 ], [ 166410.600000094505958, 6852076.000001025386155 ], [ 166454.500000094762072, 6852033.200001026503742 ], [ 166456.40000009466894, 6851968.600001026876271 ], [ 166497.600000094622374, 6851923.100001025944948 ], [ 166527.800000094808638, 6851857.800001027993858 ], [ 166551.40000009466894, 6851834.800001026131213 ], [ 166580.500000094412826, 6851764.000001026317477 ], [ 166683.400000094552524, 6851600.800001027993858 ], [ 166677.900000094785355, 6851349.000001028180122 ], [ 166697.600000094622374, 6851297.900001027621329 ], [ 166741.700000094948336, 6851241.900001029483974 ], [ 166850.000000094762072, 6851144.100001028738916 ], [ 166779.400000094785355, 6851123.100001027807593 ], [ 166767.300000094692223, 6851174.800001027062535 ], [ 166728.300000094925053, 6851190.700001030229032 ], [ 166723.900000094785355, 6851225.100001028738916 ], [ 166607.300000094808638, 6851252.600001027807593 ], [ 166569.500000094994903, 6851132.100001029670238 ], [ 166651.700000094831921, 6851064.500001029111445 ], [ 166702.100000094855204, 6850994.100001029670238 ], [ 166736.900000094785355, 6850968.800001027993858 ], [ 166851.800000095041469, 6850967.900001031346619 ], [ 166902.100000094855204, 6851018.500001029111445 ], [ 166921.400000094785355, 6850923.400001029483974 ], [ 166941.10000009497162, 6850893.200001030229032 ], [ 167011.100000094622374, 6850897.700001028366387 ], [ 167045.600000094855204, 6850842.400001031346619 ], [ 167095.40000009490177, 6850817.100001029670238 ], [ 167205.300000095041469, 6850817.200001031160355 ], [ 167235.200000094715506, 6850802.000001030042768 ], [ 167275.000000094762072, 6850733.600001029670238 ], [ 167339.10000009497162, 6850730.700001032091677 ], [ 167360.700000094715506, 6850705.600001028738916 ], [ 167360.300000094808638, 6850571.400001030415297 ], [ 167385.700000094831921, 6850470.400001030415297 ], [ 167363.800000095041469, 6850386.200001032091677 ], [ 167299.40000009490177, 6850210.100001031532884 ], [ 167263.600000094738789, 6850237.100001030601561 ], [ 167201.10000009497162, 6850244.100001031532884 ], [ 167147.200000095064752, 6850282.600001031532884 ], [ 167099.300000094925053, 6850362.300001030787826 ], [ 167007.000000094994903, 6850433.300001031719148 ], [ 166984.500000094878487, 6850464.400001031346619 ], [ 166779.400000095018186, 6850542.200001031160355 ], [ 166765.600000094855204, 6850505.900001031346619 ], [ 166731.10000009497162, 6850507.800001031719148 ], [ 166538.10000009497162, 6850582.900001032277942 ], [ 166461.700000095064752, 6850599.200001031160355 ], [ 166445.200000094831921, 6850615.900001030415297 ], [ 166400.000000094994903, 6850600.900001030415297 ], [ 166302.60000009497162, 6850539.800001030787826 ], [ 166234.200000094948336, 6850484.100001030601561 ], [ 166206.000000094994903, 6850474.800001030787826 ], [ 166098.000000095227733, 6850500.700001031160355 ], [ 166043.200000095064752, 6850549.400001030415297 ], [ 166021.200000095064752, 6850557.300001030787826 ], [ 166000.800000095274299, 6850483.900001032277942 ], [ 165885.10000009520445, 6850286.300001032650471 ], [ 165870.000000095344149, 6850222.100001033395529 ], [ 165813.60000009520445, 6850237.700001031160355 ], [ 165774.10000009520445, 6850298.00000103097409 ], [ 165749.100000095320866, 6850298.200001032091677 ], [ 165703.100000095437281, 6850173.600001032464206 ], [ 165676.700000095181167, 6850133.900001032277942 ], [ 165599.000000095227733, 6850190.000001031905413 ], [ 165555.900000095134601, 6850311.100001031532884 ], [ 165514.200000095064752, 6850359.700001031160355 ], [ 165447.000000095227733, 6850418.100001030601561 ], [ 165342.400000095251016, 6850494.600001031532884 ], [ 165315.700000095064752, 6850495.800001030787826 ], [ 165244.700000095297582, 6850467.700001033023 ], [ 165168.900000095251016, 6850400.800001030787826 ], [ 165196.400000095483847, 6850363.300001032650471 ], [ 165168.10000009520445, 6850350.300001030787826 ], [ 165108.800000095274299, 6850358.600001029670238 ], [ 165018.700000095530413, 6850417.100001032464206 ], [ 164967.300000095274299, 6850439.300001030787826 ], [ 164945.900000095251016, 6850484.800001030787826 ], [ 164925.400000095367432, 6850474.100001030601561 ], [ 164911.900000095251016, 6850531.900001030415297 ], [ 164927.100000095437281, 6850597.800001031719148 ], [ 164882.700000095297582, 6850694.300001030787826 ], [ 164831.400000095251016, 6850682.200001031160355 ], [ 164806.200000095181167, 6850753.200001030229032 ], [ 164729.900000095483847, 6850806.800001031719148 ], [ 164690.000000095227733, 6850849.500001030042768 ], [ 164667.100000095088035, 6850922.400001029483974 ], [ 164606.200000095297582, 6850984.00000103097409 ], [ 164549.000000095344149, 6850995.100001029670238 ], [ 164484.100000095320866, 6851056.900001030415297 ], [ 164459.30000009550713, 6851093.300001029856503 ], [ 164421.000000095460564, 6851188.500001031905413 ], [ 164374.200000095181167, 6851249.400001029483974 ], [ 164246.900000095251016, 6851403.700001028366387 ], [ 164202.60000009520445, 6851486.800001027993858 ], [ 164193.300000095274299, 6851519.300001027993858 ], [ 164150.400000095134601, 6851576.400001028552651 ], [ 164130.000000095344149, 6851589.30000102892518 ], [ 164125.500000095111318, 6851625.0000010272488 ], [ 164094.000000095111318, 6851677.80000102892518 ], [ 164040.700000095297582, 6851721.300001029856503 ], [ 164030.700000095064752, 6851749.300001027062535 ], [ 163978.10000009520445, 6851800.900001028552651 ], [ 163935.100000095088035, 6851860.000001026317477 ], [ 163894.700000095064752, 6851933.100001026876271 ], [ 163870.800000095390715, 6851954.100001026876271 ], [ 163820.800000095157884, 6852052.100001027807593 ], [ 163815.800000095041469, 6852103.900001028552651 ], [ 163834.900000095134601, 6852241.600001025944948 ], [ 163815.500000095344149, 6852305.700001027435064 ], [ 163855.900000095367432, 6852417.5000010272488 ], [ 163903.000000095227733, 6852448.600001026876271 ], [ 163894.900000095018186, 6852503.500001025386155 ], [ 163904.700000094948336, 6852585.100001025944948 ], [ 163884.700000094948336, 6852596.900001024827361 ], [ 163845.500000095111318, 6852681.700001027435064 ], [ 163859.500000094878487, 6852744.100001024082303 ], [ 163856.300000095041469, 6852776.500001024454832 ], [ 163876.700000094831921, 6852837.00000102352351 ], [ 163803.000000094994903, 6852962.30000102519989 ], [ 163763.700000094831921, 6853059.60000102315098 ], [ 163733.800000094925053, 6853067.400001022964716 ], [ 163718.100000094855204, 6853116.200001024641097 ], [ 163695.700000094948336, 6853151.500001024454832 ], [ 163676.200000095064752, 6853133.000001024454832 ], [ 163595.100000094855204, 6853200.900001022964716 ], [ 163591.10000009497162, 6853230.100001025013626 ], [ 163543.90000009490177, 6853291.900001023896039 ], [ 163533.600000094855204, 6853355.50000102352351 ], [ 163543.500000094878487, 6853478.700001023709774 ], [ 163560.600000094855204, 6853522.60000102315098 ], [ 163553.300000094925053, 6853556.8000010214746 ], [ 163485.600000094738789, 6853651.900001022964716 ], [ 163447.400000095134601, 6853651.700001024641097 ], [ 163405.500000094994903, 6853705.60000102315098 ], [ 163360.200000094948336, 6853696.50000102352351 ], [ 163346.100000094855204, 6853727.100001022219658 ], [ 163363.700000094715506, 6853773.600001020357013 ], [ 163338.40000009466894, 6853821.400001022033393 ], [ 163312.400000094785355, 6853838.700001021847129 ], [ 163289.400000094785355, 6853878.200001020915806 ], [ 163239.500000094645657, 6853924.100001021288335 ], [ 163228.100000094738789, 6853957.300001022405922 ], [ 163236.90000009490177, 6854016.500001021660864 ], [ 163209.300000094808638, 6854053.700001020915806 ], [ 163244.40000009466894, 6854088.400001022964716 ], [ 163224.400000094785355, 6854101.100001021288335 ], [ 163257.700000094831921, 6854136.000001021660864 ], [ 163246.90000009490177, 6854184.400001020170748 ], [ 163258.000000094645657, 6854229.600001020357013 ], [ 163160.40000009466894, 6854293.500001020729542 ], [ 163090.90000009490177, 6854296.8000010214746 ], [ 163029.900000094785355, 6854337.300001020543277 ], [ 162961.700000094948336, 6854342.600001020357013 ], [ 162873.100000094738789, 6854357.500001020729542 ], [ 162860.900000094785355, 6854352.500001020729542 ], [ 162819.700000094831921, 6854395.800001020543277 ], [ 162808.100000094738789, 6854425.900001020170748 ], [ 162773.500000094878487, 6854604.900001022033393 ], [ 162759.90000009466894, 6854740.300001019611955 ], [ 162732.600000094622374, 6854806.500001018866897 ], [ 162804.200000094482675, 6854849.200001019053161 ], [ 162964.300000094575807, 6854840.900001020170748 ], [ 163034.500000094645657, 6854806.800001019611955 ], [ 163100.100000094622374, 6854746.800001018680632 ], [ 163319.800000094692223, 6854740.10000101942569 ], [ 163423.200000094599091, 6854716.300001019611955 ], [ 163422.400000094552524, 6854754.400001020170748 ], [ 163435.500000094645657, 6854943.300001020543277 ], [ 163420.300000094575807, 6855014.600001018494368 ], [ 163388.200000094482675, 6855085.800001019611955 ], [ 163391.200000094249845, 6855123.900001019239426 ], [ 163433.800000094692223, 6855075.000001018866897 ], [ 163584.000000094412826, 6855042.400001019239426 ], [ 163664.500000094412826, 6855032.80000101774931 ], [ 163904.500000094412826, 6855019.900001020170748 ], [ 164144.300000094459392, 6855044.400001019239426 ], [ 164290.200000094249845, 6855048.80000101774931 ], [ 164669.300000094459392, 6855020.500001018866897 ], [ 164728.600000094156712, 6855036.600001017563045 ], [ 164931.700000094249845, 6855133.900001019239426 ], [ 165006.900000094436109, 6855156.200001019984484 ], [ 165093.400000094203278, 6855160.500001018866897 ], [ 165365.200000093784183, 6855139.300001016817987 ], [ 165400.200000094133429, 6855189.700001018121839 ], [ 165454.700000094017014, 6855415.600001016631722 ], [ 165566.200000094017014, 6855412.400001018308103 ], [ 165585.300000094110146, 6855364.000001017935574 ], [ 165620.000000093947165, 6855362.500001017935574 ], [ 165719.900000093970448, 6855334.400001017376781 ], [ 165726.100000093807466, 6855287.200001017190516 ], [ 165750.900000094203278, 6855262.000001017935574 ], [ 165811.000000093830749, 6855281.500001017004251 ], [ 165876.000000093947165, 6855291.000001016072929 ], [ 165900.500000093830749, 6855225.800001015886664 ], [ 165950.400000093970448, 6855221.400001017376781 ], [ 165963.600000094040297, 6855117.200001019053161 ], [ 166057.700000093784183, 6855151.300001016817987 ], [ 166245.600000094040297, 6855202.800001019611955 ], [ 166344.900000093854032, 6855220.700001017190516 ], [ 166451.800000094110146, 6855229.500001018866897 ], [ 166754.500000093714334, 6855191.700001018121839 ], [ 166777.600000093691051, 6855123.400001018308103 ], [ 166766.900000093854032, 6855094.900001017376781 ], [ 166751.700000093784183, 6854969.700001018121839 ], [ 166727.900000094086863, 6854938.800001018680632 ], [ 166652.900000093970448, 6854930.000001017935574 ], [ 166607.000000093947165, 6854885.200001019053161 ], [ 166573.400000093970448, 6854887.400001019239426 ], [ 166475.200000093784183, 6854869.400001018308103 ], [ 166428.800000093993731, 6854897.100001018494368 ], [ 166368.200000093900599, 6854902.200001018121839 ], [ 166232.300000093993731, 6854879.400001018308103 ], [ 166140.700000094017014, 6854844.800001018680632 ], [ 166146.300000093877316, 6854658.000001017935574 ], [ 166132.100000094040297, 6854633.10000101942569 ], [ 166126.600000094040297, 6854537.900001019239426 ], [ 166142.100000094040297, 6854442.400001019239426 ], [ 166134.400000094086863, 6854380.500001018866897 ], [ 166185.900000094086863, 6854247.900001020170748 ], [ 166170.900000094086863, 6854180.300001019611955 ] ] ] ] } },
{ "type": "Feature", "properties": { "com_name_lo": "trémaouézan" }, "geometry": { "type": "MultiPolygon", "coordinates": [ [ [ [ 162892.100000096252188, 6847737.000001039355993 ], [ 162952.500000096391886, 6847767.500001040287316 ], [ 162970.000000096275471, 6847807.500001039355993 ], [ 162960.500000096508302, 6847844.500001039355993 ], [ 162886.500000096275471, 6847949.800001039169729 ], [ 162864.000000096275471, 6848001.20000104047358 ], [ 162847.90000009641517, 6848065.800001038238406 ], [ 162870.20000009634532, 6848126.600001038052142 ], [ 162919.800000096438453, 6848183.70000104047358 ], [ 163137.200000096228905, 6848405.300001038238406 ], [ 163153.500000096275471, 6848473.000001039355993 ], [ 163134.100000096019357, 6848680.000001036562026 ], [ 163186.800000096205622, 6848731.400001036934555 ], [ 163208.70000009611249, 6848765.700001035816967 ], [ 163240.600000096135773, 6848862.000001037493348 ], [ 163379.400000096065924, 6849019.000001036562026 ], [ 163463.900000095949508, 6849094.300001035444438 ], [ 163503.900000095833093, 6849098.900001035071909 ], [ 163499.800000095972791, 6849046.000001035630703 ], [ 163554.200000095996074, 6849012.800001035444438 ], [ 163597.700000095996074, 6848976.500001036562026 ], [ 163675.000000095926225, 6848883.700001037679613 ], [ 163707.700000095879659, 6848867.800001036375761 ], [ 163792.800000095972791, 6848779.70000103674829 ], [ 163909.500000096042641, 6848725.70000103674829 ], [ 164001.400000095949508, 6848701.500001036562026 ], [ 164065.500000096159056, 6848702.600001037120819 ], [ 164098.400000095949508, 6848721.100001037120819 ], [ 164146.800000096089207, 6848726.900001036934555 ], [ 164186.000000096159056, 6848755.400001037865877 ], [ 164224.200000095879659, 6848802.900001036934555 ], [ 164231.100000095902942, 6848871.600001035258174 ], [ 164256.600000096019357, 6848941.600001035258174 ], [ 164278.600000095902942, 6848972.700001035816967 ], [ 164318.000000095926225, 6849003.600001037120819 ], [ 164383.800000095856376, 6849040.500001036562026 ], [ 164479.300000095972791, 6849069.400001037865877 ], [ 164632.800000095623545, 6849067.00000103469938 ], [ 164688.700000095530413, 6849043.50000103469938 ], [ 164718.900000095833093, 6849063.200001035816967 ], [ 164709.300000095623545, 6849113.300001034513116 ], [ 164711.600000095786527, 6849171.800001035444438 ], [ 164955.200000095646828, 6849055.700001034885645 ], [ 164988.900000095600262, 6849206.600001034326851 ], [ 164919.800000095623545, 6849230.800001033581793 ], [ 164907.800000095856376, 6849270.100001036189497 ], [ 164815.300000095739961, 6849377.000001035630703 ], [ 164791.400000095483847, 6849463.600001033395529 ], [ 164756.500000095576979, 6849508.400001033209264 ], [ 164724.200000095763244, 6849526.900001036003232 ], [ 164757.100000095320866, 6849717.500001032836735 ], [ 164756.700000095530413, 6849787.500001033768058 ], [ 164781.700000095530413, 6849793.200001033954322 ], [ 164851.600000095437281, 6849787.700001033023 ], [ 164906.400000095367432, 6849762.300001032650471 ], [ 164956.900000095483847, 6849706.900001034140587 ], [ 164956.400000095600262, 6849646.900001035071909 ], [ 164935.700000095530413, 6849552.200001033954322 ], [ 164965.900000095600262, 6849457.00000103469938 ], [ 164980.900000095483847, 6849461.900001034140587 ], [ 165010.300000095623545, 6849516.600001032464206 ], [ 165035.500000095576979, 6849541.400001035071909 ], [ 165105.600000095553696, 6849561.800001034513116 ], [ 165215.600000095437281, 6849565.900001036003232 ], [ 165280.30000009550713, 6849530.400001033209264 ], [ 165295.300000095390715, 6849535.300001032650471 ], [ 165340.700000095297582, 6849590.900001034140587 ], [ 165355.700000095297582, 6849585.800001032650471 ], [ 165426.000000095460564, 6849515.300001034513116 ], [ 165510.900000095600262, 6849562.700001034885645 ], [ 165659.700000095181167, 6849627.000001032836735 ], [ 165730.400000095483847, 6849670.200001033954322 ], [ 165715.000000095576979, 6849712.400001036003232 ], [ 165774.700000095297582, 6849714.000001031905413 ], [ 165787.500000095344149, 6849555.000001032836735 ], [ 165750.900000095367432, 6849314.100001034326851 ], [ 165770.000000095344149, 6849133.200001034885645 ], [ 165763.300000095623545, 6849001.400001035071909 ], [ 165785.700000095530413, 6848911.200001035816967 ], [ 165807.200000095413998, 6848679.100001035258174 ], [ 165850.400000095600262, 6848364.600001037120819 ], [ 165830.600000095553696, 6848213.600001036189497 ], [ 165889.900000095716678, 6848197.700001038610935 ], [ 166009.900000095483847, 6848141.300001037307084 ], [ 166095.400000095716678, 6848080.400001036003232 ], [ 166055.00000009580981, 6848049.400001037865877 ], [ 166026.000000095693395, 6848013.9000010387972 ], [ 166178.400000095600262, 6847960.900001037865877 ], [ 166213.900000095716678, 6847997.900001039728522 ], [ 166287.200000095646828, 6847966.000001039355993 ], [ 166254.500000095693395, 6847920.300001037307084 ], [ 166318.400000095367432, 6847882.200001037679613 ], [ 166372.000000095576979, 6847929.800001037307084 ], [ 166408.100000095786527, 6847976.4000010387972 ], [ 166430.80000009550713, 6847971.100001037120819 ], [ 166515.200000095646828, 6847918.600001037120819 ], [ 166543.400000095716678, 6847934.200001039542258 ], [ 166568.300000095623545, 6847860.300001036375761 ], [ 166603.700000095530413, 6847838.100001038052142 ], [ 166691.900000095600262, 6847595.4000010387972 ], [ 166751.00000009580981, 6847370.000001040287316 ], [ 166770.400000095716678, 6847239.300001039169729 ], [ 166824.200000095530413, 6847112.600001038983464 ], [ 166863.700000095763244, 6847053.800001040101051 ], [ 166872.500000095926225, 6847025.700001042336226 ], [ 166808.400000095716678, 6847000.300001040101051 ], [ 166801.500000095926225, 6846937.800001041963696 ], [ 166831.100000095786527, 6846814.200001041404903 ], [ 166773.200000095763244, 6846770.200001041404903 ], [ 166698.200000095996074, 6846770.800001041963696 ], [ 166673.400000095833093, 6846786.000001041218638 ], [ 166581.100000095902942, 6846891.200001041404903 ], [ 166462.600000095786527, 6846847.500001041218638 ], [ 166418.600000095902942, 6846783.600001039914787 ], [ 166350.500000096042641, 6846708.700001042336226 ], [ 166264.70000009611249, 6846664.200001042336226 ], [ 166238.800000095972791, 6846628.600001041777432 ], [ 166199.700000095879659, 6846598.600001041777432 ], [ 166164.800000096089207, 6846595.500001042149961 ], [ 166142.600000095902942, 6846570.400001041591167 ], [ 166024.000000095926225, 6846530.200001042336226 ], [ 166006.700000095996074, 6846512.800001041963696 ], [ 165973.100000096135773, 6846417.900001043453813 ], [ 165878.600000096019357, 6846440.000001040287316 ], [ 165831.300000096089207, 6846464.300001040101051 ], [ 165787.300000096205622, 6846514.600001040846109 ], [ 165770.000000096042641, 6846551.600001040846109 ], [ 165702.700000096228905, 6846500.000001043081284 ], [ 165717.500000096042641, 6846474.900001041591167 ], [ 165762.300000096205622, 6846449.500001043081284 ], [ 165726.600000096368603, 6846364.900001044385135 ], [ 165661.700000095996074, 6846365.40000104252249 ], [ 165636.800000096322037, 6846375.6000010445714 ], [ 165607.600000096019357, 6846475.800001041032374 ], [ 165394.600000096368603, 6846460.300001043826342 ], [ 165338.200000095996074, 6846473.400001043453813 ], [ 165311.300000095972791, 6846509.100001040846109 ], [ 165247.400000096298754, 6846500.100001041777432 ], [ 165052.200000096228905, 6846508.200001042336226 ], [ 164977.300000096205622, 6846517.800001041963696 ], [ 164920.20000009611249, 6846540.400001043453813 ], [ 164824.300000096438453, 6846415.200001043267548 ], [ 164691.100000096368603, 6846323.900001043453813 ], [ 164658.100000096368603, 6846292.900001043453813 ], [ 164572.700000096578151, 6846110.400001045316458 ], [ 164503.300000096322037, 6846022.800001042895019 ], [ 164423.500000096391886, 6846174.100001042708755 ], [ 164291.500000096624717, 6846106.500001044012606 ], [ 164196.500000096391886, 6846106.300001042895019 ], [ 164170.700000096694566, 6846121.500001044943929 ], [ 164151.600000096485019, 6846236.600001042708755 ], [ 164113.500000096508302, 6846256.100001043640077 ], [ 164071.600000096485019, 6846316.500001044943929 ], [ 163981.900000096531585, 6846496.300001042895019 ], [ 163940.400000096531585, 6846559.800001042895019 ], [ 163879.20000009634532, 6846598.500001042149961 ], [ 163756.700000096461736, 6846626.600001042708755 ], [ 163702.300000096322037, 6846655.400001041591167 ], [ 163593.300000096671283, 6846734.700001042336226 ], [ 163403.100000096485019, 6846989.600001040846109 ], [ 163305.500000096508302, 6847081.000001042149961 ], [ 163248.300000096438453, 6847154.800001041032374 ], [ 163251.200000096461736, 6847219.200001041404903 ], [ 163278.900000096648, 6847326.90000104252249 ], [ 163276.900000096648, 6847378.000001041218638 ], [ 163256.000000096275471, 6847419.900001041591167 ], [ 163193.100000096485019, 6847478.600001039914787 ], [ 163094.000000096391886, 6847523.70000104047358 ], [ 162984.500000096391886, 6847602.70000104047358 ], [ 162892.100000096252188, 6847737.000001039355993 ] ] ] ] } },
{ "type": "Feature", "properties": { "com_name_lo": "ploudaniel" }, "geometry": { "type": "MultiPolygon", "coordinates": [ [ [ [ 165676.700000095181167, 6850133.900001032277942 ], [ 165715.800000095390715, 6850117.600001031532884 ], [ 165744.700000095181167, 6850085.200001033023 ], [ 165776.300000095157884, 6850073.50000103097409 ], [ 165757.700000095064752, 6849993.300001031719148 ], [ 165795.400000095251016, 6849834.100001032464206 ], [ 165774.700000095297582, 6849714.000001031905413 ], [ 165715.000000095576979, 6849712.400001036003232 ], [ 165730.400000095483847, 6849670.200001033954322 ], [ 165659.700000095181167, 6849627.000001032836735 ], [ 165510.900000095600262, 6849562.700001034885645 ], [ 165426.000000095460564, 6849515.300001034513116 ], [ 165355.700000095297582, 6849585.800001032650471 ], [ 165340.700000095297582, 6849590.900001034140587 ], [ 165295.300000095390715, 6849535.300001032650471 ], [ 165280.30000009550713, 6849530.400001033209264 ], [ 165215.600000095437281, 6849565.900001036003232 ], [ 165105.600000095553696, 6849561.800001034513116 ], [ 165035.500000095576979, 6849541.400001035071909 ], [ 165010.300000095623545, 6849516.600001032464206 ], [ 164980.900000095483847, 6849461.900001034140587 ], [ 164965.900000095600262, 6849457.00000103469938 ], [ 164935.700000095530413, 6849552.200001033954322 ], [ 164956.400000095600262, 6849646.900001035071909 ], [ 164956.900000095483847, 6849706.900001034140587 ], [ 164906.400000095367432, 6849762.300001032650471 ], [ 164851.600000095437281, 6849787.700001033023 ], [ 164781.700000095530413, 6849793.200001033954322 ], [ 164756.700000095530413, 6849787.500001033768058 ], [ 164757.100000095320866, 6849717.500001032836735 ], [ 164724.200000095763244, 6849526.900001036003232 ], [ 164756.500000095576979, 6849508.400001033209264 ], [ 164791.400000095483847, 6849463.600001033395529 ], [ 164815.300000095739961, 6849377.000001035630703 ], [ 164907.800000095856376, 6849270.100001036189497 ], [ 164919.800000095623545, 6849230.800001033581793 ], [ 164988.900000095600262, 6849206.600001034326851 ], [ 164955.200000095646828, 6849055.700001034885645 ], [ 164711.600000095786527, 6849171.800001035444438 ], [ 164709.300000095623545, 6849113.300001034513116 ], [ 164718.900000095833093, 6849063.200001035816967 ], [ 164688.700000095530413, 6849043.50000103469938 ], [ 164632.800000095623545, 6849067.00000103469938 ], [ 164479.300000095972791, 6849069.400001037865877 ], [ 164383.800000095856376, 6849040.500001036562026 ], [ 164318.000000095926225, 6849003.600001037120819 ], [ 164278.600000095902942, 6848972.700001035816967 ], [ 164256.600000096019357, 6848941.600001035258174 ], [ 164231.100000095902942, 6848871.600001035258174 ], [ 164224.200000095879659, 6848802.900001036934555 ], [ 164186.000000096159056, 6848755.400001037865877 ], [ 164146.800000096089207, 6848726.900001036934555 ], [ 164098.400000095949508, 6848721.100001037120819 ], [ 164065.500000096159056, 6848702.600001037120819 ], [ 164001.400000095949508, 6848701.500001036562026 ], [ 163909.500000096042641, 6848725.70000103674829 ], [ 163792.800000095972791, 6848779.70000103674829 ], [ 163707.700000095879659, 6848867.800001036375761 ], [ 163675.000000095926225, 6848883.700001037679613 ], [ 163597.700000095996074, 6848976.500001036562026 ], [ 163554.200000095996074, 6849012.800001035444438 ], [ 163499.800000095972791, 6849046.000001035630703 ], [ 163503.900000095833093, 6849098.900001035071909 ], [ 163463.900000095949508, 6849094.300001035444438 ], [ 163379.400000096065924, 6849019.000001036562026 ], [ 163240.600000096135773, 6848862.000001037493348 ], [ 163208.70000009611249, 6848765.700001035816967 ], [ 163186.800000096205622, 6848731.400001036934555 ], [ 163134.100000096019357, 6848680.000001036562026 ], [ 163153.500000096275471, 6848473.000001039355993 ], [ 163137.200000096228905, 6848405.300001038238406 ], [ 162919.800000096438453, 6848183.70000104047358 ], [ 162870.20000009634532, 6848126.600001038052142 ], [ 162847.90000009641517, 6848065.800001038238406 ], [ 162864.000000096275471, 6848001.20000104047358 ], [ 162886.500000096275471, 6847949.800001039169729 ], [ 162960.500000096508302, 6847844.500001039355993 ], [ 162970.000000096275471, 6847807.500001039355993 ], [ 162952.500000096391886, 6847767.500001040287316 ], [ 162892.100000096252188, 6847737.000001039355993 ], [ 162871.300000096438453, 6847767.20000104047358 ], [ 162820.400000096531585, 6847801.300001040101051 ], [ 162673.90000009641517, 6847868.20000104047358 ], [ 162506.700000096461736, 6847838.600001038052142 ], [ 162461.000000096508302, 6847858.600001038983464 ], [ 162349.300000096671283, 6847836.100001038983464 ], [ 162265.90000009641517, 6847775.400001039728522 ], [ 162218.200000096578151, 6847757.800001040101051 ], [ 162206.600000096485019, 6847727.200001039542258 ], [ 162164.200000096578151, 6847730.000001040287316 ], [ 162135.600000096485019, 6847707.300001039169729 ], [ 162110.900000096531585, 6847734.300001040101051 ], [ 162123.600000096485019, 6847767.900001040659845 ], [ 162069.100000096485019, 6847808.20000104047358 ], [ 162055.400000096531585, 6847832.100001038983464 ], [ 162024.800000096787699, 6847836.900001040659845 ], [ 162024.100000096717849, 6847750.600001040846109 ], [ 161998.700000096461736, 6847700.9000010387972 ], [ 161933.900000096648, 6847716.400001040659845 ], [ 161913.400000096764416, 6847651.600001040846109 ], [ 161865.200000096461736, 6847594.700001039542258 ], [ 161839.600000096485019, 6847616.20000104047358 ], [ 161810.900000096648, 6847581.20000104047358 ], [ 161823.900000096648, 6847498.200001039542258 ], [ 161799.700000096694566, 6847471.200001041404903 ], [ 161860.300000096671283, 6847427.300001040101051 ], [ 161870.600000096717849, 6847402.600001039914787 ], [ 161881.000000096741132, 6847281.600001040846109 ], [ 161861.300000096904114, 6847213.300001041963696 ], [ 161952.800000096904114, 6847057.100001040846109 ], [ 161992.900000096764416, 6847018.200001041404903 ], [ 162016.900000096648, 6847010.900001041591167 ], [ 162067.400000096880831, 6846923.200001042336226 ], [ 162119.800000097020529, 6846879.300001041963696 ], [ 162162.500000096741132, 6846789.300001041963696 ], [ 162190.400000096764416, 6846592.000001043081284 ], [ 162211.100000096601434, 6846523.500001042149961 ], [ 162285.200000096927397, 6846461.500001044012606 ], [ 162333.600000096834265, 6846474.300001042895019 ], [ 162383.800000096787699, 6846412.600001043640077 ], [ 162417.800000096787699, 6846397.000001042149961 ], [ 162465.600000096834265, 6846247.500001043081284 ], [ 162480.300000096904114, 6846147.000001044012606 ], [ 162395.100000096717849, 6845795.000001044012606 ], [ 162383.500000096973963, 6845645.300001044757664 ], [ 162344.200000097160228, 6845532.90000104624778 ], [ 162323.100000097183511, 6845287.300001046620309 ], [ 162342.100000097067095, 6845240.100001046434045 ], [ 162415.200000096927397, 6845191.40000104624778 ], [ 162519.60000009695068, 6845103.300001046620309 ], [ 162514.700000097043812, 6845058.000001045875251 ], [ 162495.400000097230077, 6845007.900001048110425 ], [ 162457.600000097067095, 6844958.500001047737896 ], [ 162410.200000097043812, 6844936.90000104624778 ], [ 162354.400000097346492, 6844930.800001048482955 ], [ 162360.600000097299926, 6844861.600001047365367 ], [ 162475.100000097067095, 6844873.900001049041748 ], [ 162500.900000097230077, 6844800.600001047365367 ], [ 162372.100000097416341, 6844738.800001048482955 ], [ 162191.200000097276643, 6844733.000001047737896 ], [ 162145.700000097043812, 6844716.600001046434045 ], [ 162159.500000097323209, 6844660.600001047365367 ], [ 162188.100000097416341, 6844606.500001049600542 ], [ 162441.000000097323209, 6844181.900001049041748 ], [ 162547.900000097230077, 6844019.800001048482955 ], [ 162537.500000097323209, 6843975.000001050531864 ], [ 162461.900000097579323, 6843890.600001051090658 ], [ 162386.50000009755604, 6843835.300001051276922 ], [ 162384.600000097416341, 6843764.400001050904393 ], [ 162325.800000097602606, 6843797.000001050531864 ], [ 162245.100000097416341, 6843825.700001050718129 ], [ 162055.600000097532757, 6843965.900001050904393 ], [ 161807.500000097672455, 6844075.600001050159335 ], [ 161735.500000097439624, 6844142.600001050159335 ], [ 161582.400000097462907, 6844287.300001048482955 ], [ 161476.000000097439624, 6844336.600001050159335 ], [ 161366.900000097579323, 6844366.600001049228013 ], [ 161219.600000097532757, 6844383.300001048482955 ], [ 161157.300000097719021, 6844404.400001049041748 ], [ 160923.800000097719021, 6844601.000001048669219 ], [ 160677.600000097416341, 6844761.300001048482955 ], [ 160633.400000097579323, 6844864.500001047737896 ], [ 160593.900000097579323, 6844846.400001049041748 ], [ 160409.600000097532757, 6844970.200001047924161 ], [ 160304.600000097532757, 6845021.500001048669219 ], [ 160206.00000009755604, 6845093.100001046434045 ], [ 160135.200000097509474, 6845165.200001047924161 ], [ 160080.700000097393058, 6845321.600001046434045 ], [ 160072.600000097649172, 6845380.400001048110425 ], [ 160033.300000097719021, 6845476.400001048110425 ], [ 159968.800000097602606, 6845557.400001047179103 ], [ 159884.300000097719021, 6845583.600001047365367 ], [ 159812.600000097416341, 6845636.1000010445714 ], [ 159675.600000097649172, 6845701.600001046434045 ], [ 159512.50000009755604, 6845847.300001045688987 ], [ 159334.400000097695738, 6846034.90000104624778 ], [ 159263.300000097369775, 6846074.600001043640077 ], [ 159329.00000009755604, 6846134.200001046061516 ], [ 159351.600000097416341, 6846177.500001044012606 ], [ 159352.50000009755604, 6846228.100001043640077 ], [ 159342.100000097532757, 6846283.200001045130193 ], [ 159315.900000097462907, 6846326.000001044943929 ], [ 159329.700000097509474, 6846474.800001044757664 ], [ 159317.600000097416341, 6846485.900001044385135 ], [ 159332.200000097393058, 6846578.000001043081284 ], [ 159302.50000009755604, 6846606.200001045130193 ], [ 159340.600000097532757, 6846633.700001045130193 ], [ 159320.100000097299926, 6846671.300001042895019 ], [ 159367.500000097439624, 6846705.600001042708755 ], [ 159303.900000097346492, 6846790.000001043081284 ], [ 159258.400000097230077, 6846828.400001043453813 ], [ 159253.300000097369775, 6846861.200001043267548 ], [ 159217.100000097416341, 6846921.000001044943929 ], [ 159162.500000097323209, 6847041.500001043081284 ], [ 159160.400000097230077, 6847089.700001042336226 ], [ 159145.900000097346492, 6847120.500001042149961 ], [ 159120.600000097183511, 6847121.200001042336226 ], [ 159058.200000097276643, 6847160.500001041218638 ], [ 159024.900000097346492, 6847259.600001041777432 ], [ 158992.400000097462907, 6847261.300001042895019 ], [ 158910.400000097462907, 6847314.300001043826342 ], [ 158983.100000097183511, 6847434.40000104252249 ], [ 158957.700000097160228, 6847504.500001040287316 ], [ 158966.000000097323209, 6847546.40000104252249 ], [ 158987.000000097206794, 6847572.000001041218638 ], [ 158993.600000097299926, 6847617.300001041963696 ], [ 158979.30000009725336, 6847665.600001039914787 ], [ 158934.400000097346492, 6847697.900001041591167 ], [ 158912.300000097369775, 6847730.100001040846109 ], [ 158865.100000097067095, 6847729.400001039728522 ], [ 158826.200000096927397, 6847709.400001039728522 ], [ 158791.000000097206794, 6847714.400001040659845 ], [ 158761.200000097043812, 6847761.800001039169729 ], [ 158748.500000097323209, 6847820.700001041404903 ], [ 158692.900000097113661, 6847851.300001039169729 ], [ 158652.700000097276643, 6847844.200001041404903 ], [ 158518.100000097183511, 6847803.500001040287316 ], [ 158475.80000009725336, 6847771.700001041404903 ], [ 158424.700000097160228, 6847703.500001040287316 ], [ 158370.600000097416341, 6847607.600001040846109 ], [ 158425.100000097183511, 6847557.500001040287316 ], [ 158371.50000009755604, 6847509.900001041591167 ], [ 158270.100000097299926, 6847499.200001041404903 ], [ 158210.600000097299926, 6847481.100001040846109 ], [ 158182.700000097276643, 6847385.000001041218638 ], [ 158144.500000097323209, 6847339.600001041777432 ], [ 158100.500000097323209, 6847429.90000104252249 ], [ 158040.000000097439624, 6847488.70000104047358 ], [ 157991.800000097719021, 6847555.40000104252249 ], [ 157972.200000097393058, 6847522.100001040846109 ], [ 157940.400000097462907, 6847555.900001040659845 ], [ 157897.600000097416341, 6847566.40000104252249 ], [ 157867.80000009748619, 6847606.600001041777432 ], [ 157862.100000097532757, 6847643.400001040659845 ], [ 157833.400000097462907, 6847696.100001041777432 ], [ 157832.900000097346492, 6847749.100001039914787 ], [ 157811.30000009748619, 6847762.900001041591167 ], [ 157779.200000097160228, 6847809.70000104047358 ], [ 157776.900000097462907, 6847843.100001040846109 ], [ 157793.600000097416341, 6847862.70000104047358 ], [ 157773.30000009748619, 6847893.800001040101051 ], [ 157726.900000097579323, 6847917.600001040846109 ], [ 157732.000000097439624, 6847971.500001040287316 ], [ 157693.900000097346492, 6847991.900001039728522 ], [ 157666.000000097439624, 6848029.300001040101051 ], [ 157650.600000097299926, 6848107.000001039355993 ], [ 157628.100000097183511, 6848113.600001038983464 ], [ 157611.000000097439624, 6848185.000001039355993 ], [ 157603.400000097113661, 6848264.900001039728522 ], [ 157625.000000097206794, 6848330.600001038052142 ], [ 157614.200000097393058, 6848363.800001040101051 ], [ 157602.300000097369775, 6848451.100001038983464 ], [ 157612.500000097323209, 6848507.000001039355993 ], [ 157603.700000097160228, 6848550.200001039542258 ], [ 157637.700000097276643, 6848618.100001038983464 ], [ 157618.700000097160228, 6848674.400001036934555 ], [ 157591.400000097462907, 6848690.800001040101051 ], [ 157590.000000097090378, 6848778.000001037493348 ], [ 157568.200000097160228, 6848807.600001037120819 ], [ 157566.300000097136945, 6848850.500001036562026 ], [ 157524.300000097136945, 6848910.900001037865877 ], [ 157474.600000097299926, 6848930.600001037120819 ], [ 157478.200000097276643, 6848970.800001039169729 ], [ 157494.500000097206794, 6849001.400001037865877 ], [ 157493.300000097136945, 6849099.000001036562026 ], [ 157477.30000009725336, 6849189.800001035444438 ], [ 157439.000000096973963, 6849224.900001035071909 ], [ 157404.500000097090378, 6849241.70000103674829 ], [ 157355.200000097160228, 6849283.000001037493348 ], [ 157360.80000009725336, 6849326.500001038424671 ], [ 157328.200000097043812, 6849350.600001035258174 ], [ 157306.800000097136945, 6849429.000001036562026 ], [ 157322.80000009725336, 6849481.700001035816967 ], [ 157316.300000097369775, 6849544.400001037865877 ], [ 157278.600000096834265, 6849695.400001034140587 ], [ 157294.800000097020529, 6849743.900001035071909 ], [ 157328.30000009725336, 6849763.100001035258174 ], [ 157354.300000097136945, 6849840.600001034326851 ], [ 157385.400000096997246, 6849873.800001033581793 ], [ 157397.500000097206794, 6849915.600001036189497 ], [ 157382.10000009695068, 6849992.50000103469938 ], [ 157387.300000097020529, 6850010.50000103469938 ], [ 157341.600000096717849, 6850101.400001034140587 ], [ 157261.900000096880831, 6850097.200001033023 ], [ 157233.900000096997246, 6850117.200001033954322 ], [ 157227.300000096904114, 6850156.100001033395529 ], [ 157196.800000097136945, 6850155.900001034140587 ], [ 157175.200000097160228, 6850193.700001035816967 ], [ 157154.900000096880831, 6850186.300001031719148 ], [ 157141.300000097020529, 6850233.500001033768058 ], [ 157157.400000096997246, 6850265.700001033954322 ], [ 157188.400000097113661, 6850276.800001034513116 ], [ 157196.400000096997246, 6850333.200001033954322 ], [ 157181.400000096880831, 6850367.800001032650471 ], [ 157173.500000096973963, 6850469.100001033395529 ], [ 157147.100000096601434, 6850469.800001031719148 ], [ 157144.800000096904114, 6850525.400001033209264 ], [ 157122.200000096694566, 6850556.600001031532884 ], [ 157132.10000009695068, 6850595.700001033023 ], [ 157100.600000096717849, 6850684.500001031905413 ], [ 157106.000000096973963, 6850740.400001033209264 ], [ 157145.600000096834265, 6850785.000001032836735 ], [ 157240.100000096834265, 6850788.900001033209264 ], [ 157248.700000096461736, 6850805.700001032091677 ], [ 157320.800000096787699, 6850815.700001032091677 ], [ 157375.900000096997246, 6850795.200001032091677 ], [ 157463.000000096857548, 6850776.200001033954322 ], [ 157430.500000096624717, 6850818.600001030601561 ], [ 157378.800000096671283, 6850863.00000103097409 ], [ 157327.100000096834265, 6850954.100001031532884 ], [ 157267.900000096880831, 6850967.600001033395529 ], [ 157256.900000096648, 6851007.100001031532884 ], [ 157227.600000096601434, 6851004.600001030601561 ], [ 157195.000000096741132, 6851054.300001031719148 ], [ 157201.500000096624717, 6851074.800001030787826 ], [ 157181.900000096880831, 6851136.400001032277942 ], [ 157184.600000096601434, 6851191.900001031346619 ], [ 157170.800000096671283, 6851262.300001030787826 ], [ 157135.700000096694566, 6851315.600001029670238 ], [ 157097.200000096578151, 6851321.000001030042768 ], [ 157106.000000096741132, 6851347.50000103097409 ], [ 157082.600000096717849, 6851371.500001031905413 ], [ 157098.900000096648, 6851397.900001030415297 ], [ 157058.800000096671283, 6851415.300001029856503 ], [ 157046.900000096764416, 6851481.700001031160355 ], [ 156996.400000096764416, 6851528.400001029483974 ], [ 156988.800000096671283, 6851569.300001029856503 ], [ 156964.100000096717849, 6851613.800001030787826 ], [ 156927.700000096810982, 6851632.000001030042768 ], [ 156927.500000096508302, 6851678.900001029483974 ], [ 156901.400000096648, 6851697.500001030042768 ], [ 156881.300000096787699, 6851759.100001029670238 ], [ 156802.500000096624717, 6851836.100001028738916 ], [ 156753.200000096810982, 6851830.800001031719148 ], [ 156696.700000096461736, 6851857.900001028552651 ], [ 156695.100000096485019, 6851890.30000102892518 ], [ 156643.000000096741132, 6851910.800001029856503 ], [ 156621.300000096671283, 6851962.700001028366387 ], [ 156587.800000096787699, 6852007.300001029856503 ], [ 156565.700000096694566, 6852065.400001030415297 ], [ 156574.300000096671283, 6852106.500001029111445 ], [ 156626.500000096624717, 6852137.600001027807593 ], [ 156611.100000096601434, 6852154.000001028180122 ], [ 156627.800000096671283, 6852189.600001027807593 ], [ 156619.100000096601434, 6852231.100001028738916 ], [ 156583.900000096648, 6852241.80000102892518 ], [ 156529.100000096601434, 6852298.500001028180122 ], [ 156497.300000096438453, 6852366.700001027435064 ], [ 156511.300000096554868, 6852395.800001027993858 ], [ 156496.500000096508302, 6852417.700001027435064 ], [ 156510.100000096485019, 6852472.300001027993858 ], [ 156513.000000096391886, 6852529.400001026690006 ], [ 156538.400000096531585, 6852557.400001027621329 ], [ 156518.300000096671283, 6852593.600001027807593 ], [ 156560.200000096461736, 6852640.100001025944948 ], [ 156596.800000096322037, 6852619.400001027621329 ], [ 156642.500000096508302, 6852621.100001027807593 ], [ 156679.500000096275471, 6852595.500001026317477 ], [ 156680.900000096531585, 6852559.700001028366387 ], [ 156700.300000096438453, 6852536.600001026876271 ], [ 156763.70000009634532, 6852496.600001026876271 ], [ 156813.90000009641517, 6852483.400001027621329 ], [ 156801.000000096741132, 6852446.700001028366387 ], [ 156854.300000096322037, 6852385.000001028180122 ], [ 156891.000000096508302, 6852369.500001026317477 ], [ 156950.500000096508302, 6852384.800001027993858 ], [ 157003.000000096391886, 6852445.700001028366387 ], [ 157026.90000009641517, 6852485.800001027062535 ], [ 157038.600000096252188, 6852532.000001026317477 ], [ 157090.600000096368603, 6852587.800001027062535 ], [ 157119.20000009634532, 6852603.900001028552651 ], [ 157117.000000096391886, 6852635.100001026876271 ], [ 157169.600000096485019, 6852658.300001027993858 ], [ 157225.800000096438453, 6852756.900001027621329 ], [ 157254.500000096275471, 6852801.100001025944948 ], [ 157246.90000009641517, 6852821.500001026317477 ], [ 157273.000000096275471, 6852845.900001027621329 ], [ 157291.900000096298754, 6852892.600001025944948 ], [ 157371.100000096252188, 6852993.100001025944948 ], [ 157423.200000096228905, 6853044.400001027621329 ], [ 157462.000000096159056, 6853039.700001026503742 ], [ 157505.500000096159056, 6853017.300001026131213 ], [ 157536.900000096298754, 6852975.900001026690006 ], [ 157598.400000096298754, 6852951.0000010272488 ], [ 157670.20000009611249, 6852980.000001025386155 ], [ 157725.20000009611249, 6853019.300001024268568 ], [ 157804.400000096182339, 6853019.700001024641097 ], [ 157831.900000095949508, 6853058.200001024641097 ], [ 157864.900000096182339, 6853078.500001026317477 ], [ 157879.800000095972791, 6853062.400001026690006 ], [ 157943.600000096019357, 6853031.600001025944948 ], [ 157991.200000095996074, 6853017.700001024641097 ], [ 158014.800000096205622, 6852989.700001026503742 ], [ 158059.800000095972791, 6852987.900001024827361 ], [ 158048.100000096135773, 6852934.000001026317477 ], [ 158091.100000095902942, 6852924.60000102315098 ], [ 158129.000000096159056, 6852946.300001026131213 ], [ 158164.20000009611249, 6852948.700001026503742 ], [ 158221.100000095670111, 6852923.30000102519989 ], [ 158264.100000096019357, 6852931.500001026317477 ], [ 158330.800000096205622, 6852924.400001027621329 ], [ 158373.500000096042641, 6852880.200001025572419 ], [ 158466.400000096065924, 6852881.400001027621329 ], [ 158488.700000095996074, 6852900.200001025572419 ], [ 158488.50000009580981, 6852975.900001024827361 ], [ 158519.700000095996074, 6853018.600001025944948 ], [ 158530.900000095949508, 6853078.300001024268568 ], [ 158569.200000095879659, 6853036.100001025013626 ], [ 158608.100000095902942, 6853067.400001025758684 ], [ 158619.300000095972791, 6853019.400001025758684 ], [ 158642.300000095972791, 6853001.900001027621329 ], [ 158681.100000096019357, 6853002.80000102519989 ], [ 158753.100000095786527, 6853019.600001025013626 ], [ 158820.400000095949508, 6852950.000001025386155 ], [ 158826.800000096089207, 6852981.600001026876271 ], [ 158903.800000095856376, 6853063.500001024454832 ], [ 158959.100000095670111, 6853080.100001024082303 ], [ 158985.000000095926225, 6853048.400001025758684 ], [ 159055.600000095902942, 6853013.300001026131213 ], [ 159095.700000095763244, 6853017.30000102519989 ], [ 159146.100000095902942, 6853046.400001025758684 ], [ 159172.600000095670111, 6853080.600001024082303 ], [ 159285.000000095926225, 6853113.500001026317477 ], [ 159314.700000095763244, 6853152.000001025386155 ], [ 159382.600000095670111, 6853157.900001024827361 ], [ 159440.900000095716678, 6853221.800001023337245 ], [ 159494.100000095786527, 6853208.500001024454832 ], [ 159563.300000095623545, 6853270.60000102315098 ], [ 159624.900000095600262, 6853283.700001024641097 ], [ 159624.600000095553696, 6853324.200001023709774 ], [ 159676.900000095833093, 6853307.000001025386155 ], [ 159713.800000095856376, 6853316.100001025013626 ], [ 159728.300000095623545, 6853294.000001024454832 ], [ 159764.900000095716678, 6853301.500001024454832 ], [ 159795.700000095646828, 6853330.700001025572419 ], [ 159830.000000095693395, 6853331.100001025944948 ], [ 159844.600000095670111, 6853374.100001025013626 ], [ 159867.800000095623545, 6853395.100001024082303 ], [ 159975.200000095763244, 6853314.100001025013626 ], [ 160000.700000095530413, 6853413.800001024268568 ], [ 159991.900000095483847, 6853451.900001023896039 ], [ 159930.500000095693395, 6853587.800001023337245 ], [ 159895.80000009550713, 6853643.900001022964716 ], [ 159868.700000095413998, 6853729.400001022964716 ], [ 159810.000000095576979, 6853775.700001023709774 ], [ 159775.800000095390715, 6853816.000001020729542 ], [ 159885.500000095460564, 6853993.200001022778451 ], [ 159923.900000095367432, 6854071.000001021660864 ], [ 159935.500000095576979, 6854207.000001022592187 ], [ 160366.80000009550713, 6854132.400001022964716 ], [ 160754.000000095111318, 6854038.8000010214746 ], [ 160960.300000095041469, 6853951.400001022033393 ], [ 161121.100000095320866, 6853822.500001022592187 ], [ 161231.900000095251016, 6853778.600001021288335 ], [ 161261.10000009520445, 6853756.500001022592187 ], [ 161326.200000095181167, 6853763.000001022592187 ], [ 161412.200000095413998, 6853741.500001024454832 ], [ 161408.400000095251016, 6853762.400001023896039 ], [ 161369.900000095251016, 6853824.300001022405922 ], [ 161355.500000095227733, 6853887.900001023896039 ], [ 161306.700000095064752, 6853987.400001021102071 ], [ 161301.900000095251016, 6854069.000001021660864 ], [ 161235.500000095111318, 6854122.500001021660864 ], [ 161208.000000095227733, 6854343.200001021847129 ], [ 161235.60000009520445, 6854388.400001022033393 ], [ 161287.000000094994903, 6854527.500001020729542 ], [ 161319.400000095134601, 6854525.500001021660864 ], [ 161342.10000009497162, 6854560.300001020543277 ], [ 161426.300000095157884, 6854539.000001020729542 ], [ 161454.900000095134601, 6854478.500001020729542 ], [ 161641.200000094948336, 6854493.100001021288335 ], [ 161653.100000095088035, 6854621.800001020543277 ], [ 161635.900000095018186, 6854666.700001020915806 ], [ 161579.100000094855204, 6854648.200001019984484 ], [ 161552.700000095064752, 6854710.300001022405922 ], [ 161546.40000009490177, 6854796.500001020729542 ], [ 161534.800000094925053, 6854831.800001018680632 ], [ 161535.900000094785355, 6854894.200001019984484 ], [ 161606.500000094878487, 6854875.000001019798219 ], [ 161674.000000094529241, 6854898.000001017935574 ], [ 161697.90000009490177, 6854865.600001018494368 ], [ 161758.500000094994903, 6854847.200001019984484 ], [ 161785.300000095041469, 6854805.300001019611955 ], [ 161917.500000094994903, 6854828.500001021660864 ], [ 161980.700000094831921, 6854822.100001020357013 ], [ 162057.200000094948336, 6854776.500001019798219 ], [ 162193.100000094855204, 6854755.300001020543277 ], [ 162283.600000094738789, 6854731.900001021102071 ], [ 162431.400000094785355, 6854750.400001021102071 ], [ 162511.800000094808638, 6854735.700001019984484 ], [ 162611.40000009466894, 6854754.300001018680632 ], [ 162704.300000094575807, 6854824.200001018121839 ], [ 162732.600000094622374, 6854806.500001018866897 ], [ 162759.90000009466894, 6854740.300001019611955 ], [ 162773.500000094878487, 6854604.900001022033393 ], [ 162808.100000094738789, 6854425.900001020170748 ], [ 162819.700000094831921, 6854395.800001020543277 ], [ 162860.900000094785355, 6854352.500001020729542 ], [ 162802.40000009490177, 6854316.200001021847129 ], [ 162605.800000094692223, 6854328.500001019798219 ], [ 162577.90000009490177, 6854282.200001021847129 ], [ 162517.000000094878487, 6854223.800001020543277 ], [ 162526.300000094925053, 6854181.8000010214746 ], [ 162518.100000094855204, 6854074.100001021288335 ], [ 162486.100000094855204, 6854041.600001022219658 ], [ 162420.700000094948336, 6854018.50000102352351 ], [ 162405.400000095134601, 6853990.50000102352351 ], [ 162383.700000095064752, 6853858.700001023709774 ], [ 162420.800000095157884, 6853802.100001022219658 ], [ 162432.300000094925053, 6853758.500001022592187 ], [ 162428.500000095111318, 6853716.400001023896039 ], [ 162398.300000095041469, 6853642.000001022592187 ], [ 162312.900000095251016, 6853477.900001023896039 ], [ 162282.500000095111318, 6853450.700001024641097 ], [ 162246.900000095134601, 6853393.200001024641097 ], [ 162204.200000095064752, 6853242.400001023896039 ], [ 162160.800000095157884, 6853187.400001024827361 ], [ 162116.60000009520445, 6853176.600001025013626 ], [ 162065.400000095134601, 6853134.200001023709774 ], [ 162040.300000095390715, 6853135.700001025572419 ], [ 161979.800000095041469, 6853087.900001023896039 ], [ 162058.300000095274299, 6852841.100001025013626 ], [ 162049.500000095227733, 6852750.700001025572419 ], [ 161966.700000095297582, 6852522.700001026503742 ], [ 161924.30000009550713, 6852344.900001026690006 ], [ 161848.800000095856376, 6852325.100001028738916 ], [ 161805.900000095716678, 6852275.000001029111445 ], [ 161770.100000095320866, 6852252.80000102519989 ], [ 161693.30000009550713, 6852114.600001027807593 ], [ 161577.100000095786527, 6852002.200001028366387 ], [ 161553.000000095693395, 6851960.700001029297709 ], [ 161382.700000095646828, 6851769.600001027807593 ], [ 161255.600000095553696, 6851767.100001027807593 ], [ 161255.600000095553696, 6851714.800001027062535 ], [ 161204.900000095833093, 6851632.5000010272488 ], [ 161247.100000095553696, 6851589.600001026876271 ], [ 161251.50000009580981, 6851554.000001028180122 ], [ 161243.50000009580981, 6851378.900001029483974 ], [ 161286.600000095786527, 6851343.200001030229032 ], [ 161454.800000095856376, 6851272.50000103097409 ], [ 161663.700000095879659, 6851121.000001031905413 ], [ 161712.100000095553696, 6851146.700001029297709 ], [ 161760.900000095716678, 6851161.500001030042768 ], [ 162021.900000095833093, 6851206.100001029670238 ], [ 162230.500000095693395, 6851234.300001029856503 ], [ 162372.00000009580981, 6851263.100001029670238 ], [ 162771.500000095460564, 6851309.000001028180122 ], [ 162897.400000095483847, 6851347.80000102892518 ], [ 162993.100000095553696, 6851389.50000103097409 ], [ 163263.60000009520445, 6851537.400001028552651 ], [ 163335.800000095274299, 6851561.600001026876271 ], [ 163466.900000095483847, 6851589.200001031160355 ], [ 163665.900000095367432, 6851599.700001028366387 ], [ 163741.700000095297582, 6851591.200001028366387 ], [ 163986.200000095181167, 6851550.000001029111445 ], [ 164131.600000095320866, 6851493.200001029297709 ], [ 164193.300000095274299, 6851519.300001027993858 ], [ 164202.60000009520445, 6851486.800001027993858 ], [ 164246.900000095251016, 6851403.700001028366387 ], [ 164374.200000095181167, 6851249.400001029483974 ], [ 164421.000000095460564, 6851188.500001031905413 ], [ 164459.30000009550713, 6851093.300001029856503 ], [ 164484.100000095320866, 6851056.900001030415297 ], [ 164549.000000095344149, 6850995.100001029670238 ], [ 164606.200000095297582, 6850984.00000103097409 ], [ 164667.100000095088035, 6850922.400001029483974 ], [ 164690.000000095227733, 6850849.500001030042768 ], [ 164729.900000095483847, 6850806.800001031719148 ], [ 164806.200000095181167, 6850753.200001030229032 ], [ 164831.400000095251016, 6850682.200001031160355 ], [ 164882.700000095297582, 6850694.300001030787826 ], [ 164927.100000095437281, 6850597.800001031719148 ], [ 164911.900000095251016, 6850531.900001030415297 ], [ 164925.400000095367432, 6850474.100001030601561 ], [ 164945.900000095251016, 6850484.800001030787826 ], [ 164967.300000095274299, 6850439.300001030787826 ], [ 165018.700000095530413, 6850417.100001032464206 ], [ 165108.800000095274299, 6850358.600001029670238 ], [ 165168.10000009520445, 6850350.300001030787826 ], [ 165196.400000095483847, 6850363.300001032650471 ], [ 165168.900000095251016, 6850400.800001030787826 ], [ 165244.700000095297582, 6850467.700001033023 ], [ 165315.700000095064752, 6850495.800001030787826 ], [ 165342.400000095251016, 6850494.600001031532884 ], [ 165447.000000095227733, 6850418.100001030601561 ], [ 165514.200000095064752, 6850359.700001031160355 ], [ 165555.900000095134601, 6850311.100001031532884 ], [ 165599.000000095227733, 6850190.000001031905413 ], [ 165676.700000095181167, 6850133.900001032277942 ] ] ] ] } },
{ "type": "Feature", "properties": { "com_name_lo": "la roche-maurice" }, "geometry": { "type": "MultiPolygon", "coordinates": [ [ [ [ 171433.000000095344149, 6844849.100001046434045 ], [ 171496.500000095227733, 6844850.800001046620309 ], [ 171536.200000095181167, 6844865.700001044198871 ], [ 171586.400000095367432, 6844857.300001045688987 ], [ 171623.900000095367432, 6844878.000001044943929 ], [ 171653.700000095413998, 6844875.100001046434045 ], [ 171704.200000095181167, 6844912.100001043640077 ], [ 171794.900000095367432, 6844931.000001044943929 ], [ 171936.700000095064752, 6844985.500001043081284 ], [ 171989.700000095064752, 6844971.6000010445714 ], [ 172034.700000095413998, 6844902.90000104624778 ], [ 172064.300000095390715, 6844832.200001046992838 ], [ 172082.900000095251016, 6844728.200001046061516 ], [ 172076.500000095344149, 6844645.800001046620309 ], [ 172120.700000095181167, 6844595.200001045130193 ], [ 172214.300000095390715, 6844524.600001045502722 ], [ 172305.60000009520445, 6844477.200001046992838 ], [ 172396.200000095181167, 6844443.200001046061516 ], [ 172370.500000095344149, 6844385.900001047179103 ], [ 172415.300000095274299, 6844361.600001046434045 ], [ 172490.10000009520445, 6844351.000001046806574 ], [ 172510.10000009520445, 6844279.300001046620309 ], [ 172433.500000095460564, 6844241.000001047737896 ], [ 172392.60000009520445, 6844241.100001046434045 ], [ 172238.900000095367432, 6844298.500001045875251 ], [ 172091.600000095320866, 6844432.300001046620309 ], [ 171977.500000095344149, 6844393.800001046620309 ], [ 171974.600000095437281, 6844371.000001048669219 ], [ 171937.700000095413998, 6844340.400001047179103 ], [ 171917.100000095320866, 6844303.300001047551632 ], [ 171881.500000095460564, 6844288.100001047365367 ], [ 171878.300000095623545, 6844221.60000104829669 ], [ 171849.700000095530413, 6844175.100001047365367 ], [ 171767.80000009550713, 6844115.400001048110425 ], [ 171735.800000095390715, 6844082.400001047179103 ], [ 171717.400000095600262, 6844015.700001047924161 ], [ 171689.100000095553696, 6843992.300001048482955 ], [ 171675.000000095576979, 6843960.60000104829669 ], [ 171424.900000095367432, 6843968.000001046806574 ], [ 171464.700000095763244, 6843791.900001049973071 ], [ 171493.100000095553696, 6843760.300001047551632 ], [ 171399.700000095646828, 6843679.200001047924161 ], [ 171358.000000095693395, 6843746.400001049973071 ], [ 171325.900000095716678, 6843754.000001049600542 ], [ 171187.700000095879659, 6843708.300001049414277 ], [ 171112.800000095972791, 6843621.000001049600542 ], [ 171068.100000095786527, 6843538.900001049973071 ], [ 170988.100000095786527, 6843544.10000104829669 ], [ 170924.700000095996074, 6843324.8000010503456 ], [ 170872.700000095763244, 6843322.700001049786806 ], [ 170868.600000095786527, 6843426.600001049228013 ], [ 170840.500000095693395, 6843527.500001048669219 ], [ 170797.900000095949508, 6843614.800001049414277 ], [ 170691.300000095856376, 6843620.200001048855484 ], [ 170625.800000095856376, 6843604.000001049600542 ], [ 170629.200000095996074, 6843528.100001050159335 ], [ 170575.400000096065924, 6843508.200001050718129 ], [ 170531.300000095972791, 6843375.100001050159335 ], [ 170558.300000095856376, 6843342.000001050531864 ], [ 170581.900000095949508, 6843194.400001051835716 ], [ 170569.600000096019357, 6842885.3000010503456 ], [ 170479.600000096019357, 6842875.000001050531864 ], [ 170439.400000095833093, 6842840.400001049973071 ], [ 170419.100000096252188, 6842805.600001052953303 ], [ 170448.500000096042641, 6842730.400001051835716 ], [ 170587.900000096065924, 6842545.400001052767038 ], [ 170592.600000095902942, 6842505.400001051835716 ], [ 170571.800000096205622, 6842404.600001052953303 ], [ 170637.70000009611249, 6842290.200001053512096 ], [ 170648.700000096228905, 6842240.000001053325832 ], [ 170676.100000096368603, 6842182.100001054815948 ], [ 170682.700000096228905, 6842120.600001052953303 ], [ 170656.000000096042641, 6842070.100001052953303 ], [ 170461.300000096554868, 6842080.700001055374742 ], [ 170335.500000096275471, 6842101.700001054443419 ], [ 170321.100000096252188, 6842175.80000105407089 ], [ 170196.100000096252188, 6842166.800001052208245 ], [ 170171.20000009634532, 6842172.000001054257154 ], [ 170120.600000096252188, 6842257.300001053139567 ], [ 170051.000000096275471, 6842231.200001052580774 ], [ 169986.800000096438453, 6842154.800001053139567 ], [ 169791.90000009641517, 6842223.100001052953303 ], [ 169721.300000096322037, 6842268.10000105202198 ], [ 169671.800000096438453, 6842213.900001055561006 ], [ 169711.200000096228905, 6842143.700001053512096 ], [ 169710.600000096485019, 6842068.700001054443419 ], [ 169721.100000096485019, 6841998.700001055374742 ], [ 169735.700000096461736, 6841958.600001053884625 ], [ 169780.100000096368603, 6841883.300001053139567 ], [ 169760.100000096485019, 6841878.400001054629683 ], [ 169586.100000096252188, 6841994.800001053139567 ], [ 169546.200000096578151, 6841995.100001055747271 ], [ 169505.90000009641517, 6841965.400001054629683 ], [ 169505.500000096508302, 6841910.500001055188477 ], [ 169430.400000096531585, 6841895.100001053884625 ], [ 169430.100000096485019, 6841850.100001054815948 ], [ 169409.700000096461736, 6841805.30000105407089 ], [ 169255.000000096391886, 6841821.500001053325832 ], [ 169145.000000096508302, 6841821.400001053698361 ], [ 169059.500000096624717, 6841747.100001054815948 ], [ 169035.200000096578151, 6841712.400001055561006 ], [ 169015.20000009634532, 6841712.500001054257154 ], [ 168958.800000096671283, 6841742.200001055374742 ], [ 168952.700000096578151, 6841711.900001055561006 ], [ 168923.900000096531585, 6841682.200001054443419 ], [ 168903.800000096671283, 6841632.100001054815948 ], [ 168899.900000096531585, 6841565.400001055561006 ], [ 168913.200000096694566, 6841507.300001055002213 ], [ 168893.000000096624717, 6841440.700001055374742 ], [ 168900.200000096694566, 6841398.5000010561198 ], [ 168850.000000096741132, 6841348.0000010561198 ], [ 168839.000000096741132, 6841278.0000010561198 ], [ 168789.300000096904114, 6841252.300001056864858 ], [ 168804.700000096694566, 6841226.200001057237387 ], [ 168801.200000096694566, 6841184.900001057423651 ], [ 168781.400000096997246, 6841174.500001057982445 ], [ 168733.600000096717849, 6841093.200001056306064 ], [ 168699.400000096880831, 6841085.500001057982445 ], [ 168649.400000096997246, 6841055.000001057982445 ], [ 168627.900000096764416, 6841144.000001057051122 ], [ 168652.200000096810982, 6841183.800001055933535 ], [ 168652.500000096973963, 6841213.80000105779618 ], [ 168627.700000096810982, 6841238.900001058354974 ], [ 168532.60000009695068, 6841224.700001057237387 ], [ 168517.900000096764416, 6841259.800001055933535 ], [ 168432.900000096997246, 6841249.500001057982445 ], [ 168358.100000096834265, 6841265.100001056678593 ], [ 168298.400000096764416, 6841300.500001055188477 ], [ 168343.600000096717849, 6841460.100001054815948 ], [ 168354.200000096694566, 6841529.900001055561006 ], [ 168339.800000096671283, 6841600.000001055188477 ], [ 168370.200000096810982, 6841654.700001057237387 ], [ 168360.300000096904114, 6841664.800001056864858 ], [ 168290.400000096764416, 6841670.400001053698361 ], [ 168160.300000096787699, 6841651.400001054629683 ], [ 168058.000000096973963, 6841603.100001055747271 ], [ 167928.500000096973963, 6841569.500001055188477 ], [ 167883.600000096834265, 6841709.100001054815948 ], [ 167922.800000097136945, 6841719.600001054815948 ], [ 167903.000000096857548, 6841797.700001055374742 ], [ 167998.800000097020529, 6841829.300001056864858 ], [ 167989.700000096810982, 6841865.0000010561198 ], [ 167945.900000096880831, 6841861.200001055374742 ], [ 167910.900000096764416, 6841954.000001055188477 ], [ 167872.300000096904114, 6842027.200001054443419 ], [ 167809.10000009695068, 6841992.600001055747271 ], [ 167784.900000096880831, 6841998.200001054443419 ], [ 167766.600000097067095, 6841840.400001057423651 ], [ 167619.500000096973963, 6841851.800001055002213 ], [ 167593.10000009695068, 6841827.700001056306064 ], [ 167546.700000096810982, 6841849.200001054443419 ], [ 167496.000000096857548, 6841892.400001055561006 ], [ 167461.700000096927397, 6841893.900001055561006 ], [ 167348.000000096857548, 6841930.900001054629683 ], [ 167315.600000096834265, 6841949.600001053884625 ], [ 167206.600000096834265, 6842087.700001055374742 ], [ 167162.200000096810982, 6842181.400001055561006 ], [ 167131.400000096997246, 6842228.400001054629683 ], [ 167030.200000096927397, 6842124.200001055374742 ], [ 166953.800000096904114, 6842235.600001053884625 ], [ 166929.800000097020529, 6842246.900001055561006 ], [ 166861.400000096880831, 6842309.500001054257154 ], [ 166848.100000096834265, 6842313.200001053512096 ], [ 166771.200000097160228, 6842392.600001055747271 ], [ 166625.800000096904114, 6842474.100001052953303 ], [ 166568.800000097136945, 6842462.600001053884625 ], [ 166509.100000097183511, 6842488.100001054815948 ], [ 166740.300000097020529, 6842667.10000105202198 ], [ 166750.500000096973963, 6842687.000001054257154 ], [ 166680.200000096578151, 6842767.60000105202198 ], [ 166646.700000096810982, 6842791.900001052767038 ], [ 166665.300000097020529, 6842848.900001054629683 ], [ 166739.900000096997246, 6842952.900001054629683 ], [ 166727.600000096601434, 6842983.500001050531864 ], [ 166759.900000096880831, 6843070.800001052208245 ], [ 166793.100000096717849, 6843108.000001052394509 ], [ 166888.300000096671283, 6843159.900001050904393 ], [ 166966.300000096554868, 6843185.000001050531864 ], [ 167019.400000096648, 6843187.500001052394509 ], [ 167132.800000096904114, 6843073.500001052394509 ], [ 167219.000000096391886, 6843061.700001049786806 ], [ 167295.800000096787699, 6843061.700001052580774 ], [ 167344.600000096717849, 6843070.10000105202198 ], [ 167381.40000009641517, 6843106.600001049228013 ], [ 167392.400000096764416, 6843300.700001051649451 ], [ 167433.200000096578151, 6843414.900001051835716 ], [ 167461.500000096508302, 6843529.700001050718129 ], [ 167506.900000096298754, 6843600.10000104829669 ], [ 167502.600000096368603, 6843664.600001049228013 ], [ 167519.40000009641517, 6843718.200001048855484 ], [ 167495.500000096391886, 6843776.400001049973071 ], [ 167444.300000096438453, 6843749.200001049786806 ], [ 167427.800000096322037, 6843830.600001049228013 ], [ 167390.100000096601434, 6843849.300001051276922 ], [ 167367.900000096531585, 6843895.8000010503456 ], [ 167311.500000096391886, 6843942.700001049786806 ], [ 167319.200000096461736, 6844050.800001049414277 ], [ 167294.600000096135773, 6844097.900001047179103 ], [ 167190.800000096554868, 6844194.10000104829669 ], [ 167162.900000096531585, 6844234.800001049414277 ], [ 167117.200000096228905, 6844339.900001049041748 ], [ 167070.900000096298754, 6844407.500001046806574 ], [ 167057.600000096368603, 6844495.000001047737896 ], [ 167065.500000096391886, 6844707.300001047551632 ], [ 167060.400000096182339, 6844848.000001047737896 ], [ 167040.600000096135773, 6844898.200001046061516 ], [ 167041.400000096065924, 6845191.700001045130193 ], [ 167064.100000096135773, 6845261.200001046061516 ], [ 167109.400000096065924, 6845291.200001045130193 ], [ 167207.800000096205622, 6845299.700001045130193 ], [ 167267.500000096042641, 6845336.700001044198871 ], [ 167382.400000095949508, 6845451.400001045316458 ], [ 167451.200000095996074, 6845461.800001043826342 ], [ 167520.500000096159056, 6845531.500001045875251 ], [ 167519.400000096065924, 6845592.000001045875251 ], [ 167657.500000095926225, 6845631.900001045316458 ], [ 167727.700000095996074, 6845666.300001043826342 ], [ 167749.900000095949508, 6845656.900001045316458 ], [ 167789.100000095786527, 6845613.900001043453813 ], [ 167842.300000095856376, 6845615.400001044385135 ], [ 167919.500000095926225, 6845504.6000010445714 ], [ 167996.500000095926225, 6845534.000001044943929 ], [ 168113.100000095902942, 6845538.40000104624778 ], [ 168155.600000095902942, 6845549.100001043640077 ], [ 168231.500000095926225, 6845495.500001043081284 ], [ 168272.00000009580981, 6845451.300001044757664 ], [ 168329.400000095949508, 6845441.700001046061516 ], [ 168333.000000095926225, 6845427.800001045688987 ], [ 168426.500000095926225, 6845442.500001044943929 ], [ 168469.400000095833093, 6845335.000001044943929 ], [ 168457.400000096298754, 6845291.700001046992838 ], [ 168461.700000095763244, 6845218.500001044943929 ], [ 168471.900000095949508, 6845193.000001044943929 ], [ 168477.900000096065924, 6845124.600001046434045 ], [ 168461.600000095902942, 6845115.500001045875251 ], [ 168451.300000095972791, 6845061.90000104624778 ], [ 168452.50000009580981, 6844929.300001045688987 ], [ 168440.600000096135773, 6844880.400001048110425 ], [ 168476.400000095949508, 6844824.700001046061516 ], [ 168516.700000095879659, 6844807.100001046434045 ], [ 168570.700000095763244, 6844717.700001046992838 ], [ 168630.600000096135773, 6844579.800001048482955 ], [ 168650.300000096089207, 6844560.700001047924161 ], [ 168651.900000095949508, 6844507.600001047365367 ], [ 168700.900000095949508, 6844471.800001046620309 ], [ 168784.600000095902942, 6844467.900001047179103 ], [ 168817.400000096182339, 6844457.400001049041748 ], [ 168859.900000096065924, 6844421.700001046992838 ], [ 169039.100000095902942, 6844642.300001046620309 ], [ 169079.900000095949508, 6844468.800001047551632 ], [ 169076.900000096065924, 6844406.10000104829669 ], [ 169088.500000096042641, 6844318.300001048482955 ], [ 169161.300000095972791, 6844355.700001047924161 ], [ 169273.200000095879659, 6844439.000001046806574 ], [ 169275.600000095902942, 6844396.100001047365367 ], [ 169302.100000096019357, 6844398.600001047365367 ], [ 169316.900000095949508, 6844328.500001047737896 ], [ 169450.500000095926225, 6844366.900001048110425 ], [ 169545.900000095833093, 6844382.700001047924161 ], [ 169595.900000095949508, 6844205.400001049041748 ], [ 169567.700000095996074, 6844090.700001048855484 ], [ 169682.500000095926225, 6844095.400001048110425 ], [ 169691.600000095902942, 6844068.800001048482955 ], [ 169578.700000095763244, 6844064.900001048110425 ], [ 169538.200000095996074, 6844050.900001049041748 ], [ 169456.900000095949508, 6844005.10000104829669 ], [ 169502.000000095926225, 6843979.600001047365367 ], [ 169536.100000095670111, 6844007.700001047924161 ], [ 169569.900000096065924, 6844019.800001048482955 ], [ 169660.20000009611249, 6844035.800001049414277 ], [ 169777.200000095763244, 6844024.200001047924161 ], [ 169834.300000095972791, 6843995.700001048855484 ], [ 169885.700000095879659, 6844003.400001049041748 ], [ 169924.100000095902942, 6844039.10000104829669 ], [ 169973.100000096019357, 6844058.600001049228013 ], [ 170065.000000095693395, 6844072.400001048110425 ], [ 170139.600000095670111, 6844122.400001047179103 ], [ 170185.300000096089207, 6844178.400001049041748 ], [ 170224.100000095786527, 6844280.100001047365367 ], [ 170237.900000095833093, 6844293.10000104829669 ], [ 170296.200000095763244, 6844302.600001046434045 ], [ 170353.200000095646828, 6844334.100001047365367 ], [ 170411.300000095972791, 6844396.700001048855484 ], [ 170474.600000095670111, 6844552.90000104624778 ], [ 170461.800000095739961, 6844612.700001046992838 ], [ 170497.600000095670111, 6844647.600001046434045 ], [ 170558.100000095437281, 6844659.700001045130193 ], [ 170665.000000095460564, 6844655.40000104624778 ], [ 170842.900000095483847, 6844693.700001046061516 ], [ 170949.200000095297582, 6844740.300001044757664 ], [ 171161.900000095600262, 6844801.000001045875251 ], [ 171235.60000009520445, 6844834.1000010445714 ], [ 171284.800000095390715, 6844841.000001044943929 ], [ 171322.400000095251016, 6844861.200001045130193 ], [ 171359.700000095297582, 6844863.100001046434045 ], [ 171433.000000095344149, 6844849.100001046434045 ] ] ] ] } },
{ "type": "Feature", "properties": { "com_name_lo": "la forest-landerneau" }, "geometry": { "type": "MultiPolygon", "coordinates": [ [ [ [ 158546.900000099674799, 6838219.800001067109406 ], [ 158488.700000099488534, 6838303.700001067481935 ], [ 158352.800000099814497, 6838394.200001067481935 ], [ 158297.100000099861063, 6838415.500001069158316 ], [ 158222.50000009930227, 6838424.100001065991819 ], [ 158209.500000099767931, 6838432.9000010676682 ], [ 158159.200000099488534, 6838413.100001065991819 ], [ 158089.400000099791214, 6838423.200001066550612 ], [ 158089.200000099372119, 6838437.500001067295671 ], [ 157985.600000099744648, 6838528.600001066923141 ], [ 157967.300000099814497, 6838578.300001067109406 ], [ 157907.300000099465251, 6838605.400001065805554 ], [ 157876.500000099884346, 6838597.800001067109406 ], [ 157782.600000099628232, 6838746.300001065246761 ], [ 157782.300000099581666, 6838763.800001066178083 ], [ 157835.500000099651515, 6838821.000001066364348 ], [ 157878.000000099767931, 6838908.500001065433025 ], [ 157883.600000099628232, 6838943.800001066178083 ], [ 157867.5000000995351, 6839001.400001066736877 ], [ 157890.200000099604949, 6839057.400001066736877 ], [ 157916.400000099791214, 6839274.700001066550612 ], [ 157896.900000099441968, 6839350.600001064129174 ], [ 157831.800000099465251, 6839464.20000106561929 ], [ 157807.200000099372119, 6839491.700001064687967 ], [ 157751.400000099441968, 6839597.100001063197851 ], [ 157728.700000099372119, 6839621.900001064874232 ], [ 157730.700000099372119, 6839656.800001063384116 ], [ 157776.800000099465251, 6839770.900001064874232 ], [ 157776.300000099465251, 6839971.400001063942909 ], [ 157725.300000099348836, 6839988.700001062825322 ], [ 157691.700000099255703, 6840067.100001060403883 ], [ 157692.000000099418685, 6840117.100001063197851 ], [ 157709.500000099418685, 6840182.300001063384116 ], [ 157883.900000099441968, 6840211.700001062825322 ], [ 157961.80000009923242, 6840323.400001062080264 ], [ 157939.00000009930227, 6840331.600001062266529 ], [ 157962.400000099325553, 6840405.500001060776412 ], [ 157995.800000099348836, 6840470.200001061894 ], [ 158012.50000009930227, 6840460.700001062825322 ], [ 158029.900000099209137, 6840512.200001062825322 ], [ 158055.300000099348836, 6840544.500001062639058 ], [ 158137.200000099139288, 6840597.600001061335206 ], [ 158194.700000098790042, 6840621.400001061148942 ], [ 158293.000000098953024, 6840634.800001059658825 ], [ 158395.600000099046156, 6840637.500001062639058 ], [ 158517.800000099116005, 6840744.700001061894 ], [ 158445.100000099046156, 6840843.100001060403883 ], [ 158349.400000099092722, 6840896.800001059658825 ], [ 158249.400000099092722, 6841004.400001060217619 ], [ 158267.80000009899959, 6841022.000001058913767 ], [ 158374.800000098766759, 6841020.900001058354974 ], [ 158388.400000098976307, 6841121.200001060031354 ], [ 158461.10000009892974, 6841179.900001058354974 ], [ 158499.200000098790042, 6841227.000001058913767 ], [ 158477.200000098906457, 6841262.30000105779618 ], [ 158491.800000099116005, 6841295.900001061148942 ], [ 158536.300000098883174, 6841296.30000105779618 ], [ 158577.900000098976307, 6841310.800001058727503 ], [ 158802.10000009892974, 6841293.900001059286296 ], [ 158922.700000098790042, 6841310.900001060217619 ], [ 158968.400000098859891, 6841214.300001058727503 ], [ 159014.200000099022873, 6841226.600001059472561 ], [ 159010.900000098743476, 6841179.400001058354974 ], [ 159046.500000098953024, 6841151.600001059472561 ], [ 159068.200000098673627, 6841102.200001059100032 ], [ 159105.200000098790042, 6841066.900001059286296 ], [ 159176.60000009869691, 6841085.700001060031354 ], [ 159258.500000098720193, 6841033.800001058727503 ], [ 159314.000000098953024, 6841042.000001060776412 ], [ 159374.200000098790042, 6841072.900001060217619 ], [ 159461.500000098953024, 6841083.50000105984509 ], [ 159557.500000098720193, 6841124.300001058727503 ], [ 159655.900000098510645, 6841200.300001056864858 ], [ 159730.000000098603778, 6841313.700001058168709 ], [ 159784.900000098510645, 6841324.80000105779618 ], [ 159817.900000098627061, 6841318.800001058727503 ], [ 159966.900000098627061, 6841330.600001059472561 ], [ 160008.300000098417513, 6841344.200001058168709 ], [ 160048.10000009869691, 6841338.50000105984509 ], [ 160093.300000098766759, 6841316.900001059286296 ], [ 160165.800000098766759, 6841251.100001059472561 ], [ 160270.500000098487362, 6841241.50000105984509 ], [ 160312.300000098533928, 6841210.400001058354974 ], [ 160420.200000098673627, 6841235.300001059658825 ], [ 160476.500000098603778, 6841233.700001060031354 ], [ 160652.900000098627061, 6841169.300001058727503 ], [ 160770.800000098533928, 6841178.700001059100032 ], [ 160799.300000098533928, 6841172.500001058913767 ], [ 160828.900000098510645, 6841140.700001058168709 ], [ 160930.200000098440796, 6841061.80000105779618 ], [ 161034.600000098347664, 6841009.900001059286296 ], [ 161052.300000098533928, 6841007.800001059658825 ], [ 161099.800000098533928, 6841035.100001058541238 ], [ 161139.900000098277815, 6841045.200001059100032 ], [ 161188.300000098417513, 6841041.000001058913767 ], [ 161239.400000098510645, 6841012.600001059472561 ], [ 161347.700000098557211, 6841020.800001058727503 ], [ 161433.500000098487362, 6841045.200001060962677 ], [ 161472.90000009839423, 6841065.900001059286296 ], [ 161642.100000098231249, 6841089.400001059286296 ], [ 161664.000000098370947, 6841082.800001058727503 ], [ 161680.800000098301098, 6841050.600001058541238 ], [ 161746.000000098138116, 6841055.300001058727503 ], [ 161775.500000098138116, 6841046.900001059286296 ], [ 161861.300000098184682, 6840988.100001059472561 ], [ 161947.700000098207965, 6840946.000001057982445 ], [ 162011.300000098417513, 6840893.700001060031354 ], [ 162033.500000098370947, 6840845.800001059658825 ], [ 162026.000000098370947, 6840804.400001060217619 ], [ 162037.200000098324381, 6840704.600001059472561 ], [ 162114.300000098417513, 6840635.100001059472561 ], [ 162154.900000098510645, 6840555.800001061521471 ], [ 162189.600000098231249, 6840569.400001059286296 ], [ 162224.40000009839423, 6840528.300001060590148 ], [ 162181.500000098254532, 6840490.600001059472561 ], [ 162223.300000098650344, 6840455.200001060962677 ], [ 162235.500000098370947, 6840468.500001060776412 ], [ 162365.700000098207965, 6840382.100001060403883 ], [ 162511.800000098184682, 6840335.700001060962677 ], [ 162487.500000098487362, 6840298.100001060403883 ], [ 162484.500000098370947, 6840251.600001061335206 ], [ 162431.900000098510645, 6840221.200001060962677 ], [ 162429.700000098557211, 6840169.700001062825322 ], [ 162413.200000098324381, 6840111.400001061148942 ], [ 162378.800000098417513, 6840070.600001061335206 ], [ 162339.200000098324381, 6840043.200001060962677 ], [ 162278.800000098417513, 6840019.600001061335206 ], [ 162219.100000098347664, 6840008.500001061707735 ], [ 161856.600000098580495, 6840007.000001062639058 ], [ 161711.000000098487362, 6839991.000001061707735 ], [ 161582.600000098580495, 6839931.600001062266529 ], [ 161433.300000098533928, 6839836.300001061521471 ], [ 161269.600000098580495, 6839771.700001063756645 ], [ 161207.500000098836608, 6839709.100001063197851 ], [ 161175.200000098557211, 6839644.200001062825322 ], [ 161017.80000009899959, 6839451.900001065805554 ], [ 160950.800000098766759, 6839387.600001063197851 ], [ 160724.900000098976307, 6839209.300001064315438 ], [ 160671.100000099162571, 6839178.300001065246761 ], [ 160604.100000099046156, 6839156.600001064129174 ], [ 160543.700000099022873, 6839162.600001064129174 ], [ 160581.900000099092722, 6839087.900001065805554 ], [ 160631.400000099092722, 6839058.100001065060496 ], [ 160634.600000099046156, 6838997.900001064874232 ], [ 160595.500000099185854, 6838941.100001065991819 ], [ 160531.500000099069439, 6838913.600001065060496 ], [ 160384.900000099092722, 6838895.600001065060496 ], [ 160302.500000099185854, 6838893.900001066736877 ], [ 160115.500000099418685, 6838912.4000010676682 ], [ 160028.900000099092722, 6838897.100001065060496 ], [ 159913.100000099395402, 6838805.200001066550612 ], [ 159811.900000099325553, 6838676.800001066178083 ], [ 159787.400000099325553, 6838628.600001065991819 ], [ 159767.400000099209137, 6838536.200001067481935 ], [ 159747.100000099162571, 6838488.900001065805554 ], [ 159617.600000099395402, 6838342.700001067481935 ], [ 159578.600000099395402, 6838327.800001068040729 ], [ 159508.600000099395402, 6838334.300001066178083 ], [ 159456.500000099418685, 6838352.400001066736877 ], [ 159399.000000099418685, 6838387.100001065991819 ], [ 159368.800000099465251, 6838391.4000010676682 ], [ 159330.600000099278986, 6838338.400001066736877 ], [ 159281.200000099604949, 6838297.300001068972051 ], [ 159232.100000099395402, 6838290.9000010676682 ], [ 159132.100000099744648, 6838303.800001068972051 ], [ 159096.0000000995351, 6838296.200001066550612 ], [ 158984.000000099651515, 6838224.9000010676682 ], [ 158934.500000099651515, 6838167.100001068785787 ], [ 158840.900000099558383, 6838129.500001067295671 ], [ 158752.20000009983778, 6838142.70000106934458 ], [ 158693.600000099511817, 6838165.600001067854464 ], [ 158661.200000099488534, 6838193.500001066364348 ], [ 158625.400000099558383, 6838242.200001067481935 ], [ 158546.900000099674799, 6838219.800001067109406 ] ] ] ] } },
{ "type": "Feature", "properties": { "com_name_lo": "pencran" }, "geometry": { "type": "MultiPolygon", "coordinates": [ [ [ [ 167149.300000097951852, 6838071.800001065246761 ], [ 167129.20000009785872, 6838067.000001066364348 ], [ 167065.000000097905286, 6838157.400001065805554 ], [ 166851.000000098021701, 6838388.000001064501703 ], [ 166761.600000097882003, 6838453.70000106561929 ], [ 166691.900000098161399, 6838484.200001066550612 ], [ 166571.50000009778887, 6838554.100001065060496 ], [ 166512.000000097905286, 6838614.600001065060496 ], [ 166482.500000097905286, 6838669.800001064315438 ], [ 166442.700000097975135, 6838820.000001064501703 ], [ 166372.800000097951852, 6838825.600001063197851 ], [ 166308.100000097998418, 6838850.100001064129174 ], [ 166270.500000097905286, 6838912.100001064129174 ], [ 166093.20000009785872, 6839014.200001062825322 ], [ 165999.400000098044984, 6839106.100001063197851 ], [ 165975.500000097905286, 6839070.500001062639058 ], [ 165901.900000097812153, 6839024.700001063756645 ], [ 165842.400000098161399, 6838967.000001064501703 ], [ 165757.900000097812153, 6838849.000001061707735 ], [ 165735.700000097975135, 6838835.00000106357038 ], [ 165673.800000097951852, 6838825.200001064687967 ], [ 165655.70000009785872, 6838759.900001063942909 ], [ 165613.400000098161399, 6838710.20000106561929 ], [ 165577.500000098021701, 6838681.000001064501703 ], [ 165486.900000098044984, 6838631.700001066550612 ], [ 165398.800000098301098, 6838531.000001065433025 ], [ 165326.300000098301098, 6838464.500001065433025 ], [ 165280.600000098114833, 6838525.500001065433025 ], [ 165157.500000098138116, 6838703.300001065246761 ], [ 165145.70000009785872, 6838899.100001062266529 ], [ 165131.300000097951852, 6839995.900001062080264 ], [ 165101.800000097951852, 6840031.100001061335206 ], [ 165062.100000097882003, 6840102.700001062825322 ], [ 165021.900000097812153, 6840193.700001060962677 ], [ 165089.100000097882003, 6840225.100001061335206 ], [ 165299.50000009778887, 6840259.300001059658825 ], [ 165355.500000097672455, 6840295.600001058541238 ], [ 165415.00000009778887, 6840313.200001060031354 ], [ 165669.400000097695738, 6840364.900001060217619 ], [ 165634.600000097532757, 6840470.100001058541238 ], [ 165881.00000009778887, 6840443.900001061148942 ], [ 165989.700000097509474, 6840421.00000105984509 ], [ 166024.200000097393058, 6840476.900001059286296 ], [ 166042.100000097532757, 6840525.600001060403883 ], [ 166027.700000097393058, 6840551.500001060776412 ], [ 165981.100000097649172, 6840724.100001059472561 ], [ 165978.000000097672455, 6840787.800001059658825 ], [ 165955.200000097509474, 6840856.300001059658825 ], [ 165973.000000097323209, 6840942.30000105779618 ], [ 165958.200000097276643, 6841053.800001058727503 ], [ 165965.500000097323209, 6841130.500001057051122 ], [ 166040.200000097276643, 6841299.600001055747271 ], [ 166063.80000009748619, 6841404.600001055747271 ], [ 165975.200000097393058, 6841429.600001056678593 ], [ 165780.900000097462907, 6841452.500001057051122 ], [ 165546.200000097393058, 6841434.500001057051122 ], [ 165456.500000097439624, 6841450.100001055747271 ], [ 165387.100000097299926, 6841447.5000010561198 ], [ 165293.400000097462907, 6841470.200001056306064 ], [ 165226.000000097439624, 6841465.500001057051122 ], [ 165192.800000097369775, 6841491.300001055933535 ], [ 165143.800000097369775, 6841548.700001058168709 ], [ 165148.100000097416341, 6841565.700001056306064 ], [ 165365.30000009748619, 6841692.800001055933535 ], [ 165396.700000097160228, 6841749.600001055747271 ], [ 165403.000000097439624, 6841829.700001056306064 ], [ 165459.300000097136945, 6841814.800001055002213 ], [ 165551.30000009725336, 6841826.000001055188477 ], [ 165707.400000097346492, 6841893.300001055002213 ], [ 165770.100000097067095, 6841837.400001055561006 ], [ 165821.200000097043812, 6841875.700001054443419 ], [ 165673.100000097299926, 6842021.900001054629683 ], [ 165636.80000009725336, 6842044.30000105407089 ], [ 165762.400000097230077, 6842105.400001056492329 ], [ 165840.500000097206794, 6842187.700001054443419 ], [ 165908.80000009725336, 6842229.100001053884625 ], [ 166015.300000097136945, 6842314.700001054443419 ], [ 166100.80000009725336, 6842350.900001054629683 ], [ 166187.300000097020529, 6842418.600001052953303 ], [ 166296.300000097136945, 6842481.100001053884625 ], [ 166349.500000096857548, 6842517.000001052394509 ], [ 166431.900000096997246, 6842589.100001053884625 ], [ 166466.300000096904114, 6842607.100001052953303 ], [ 166488.700000097043812, 6842658.600001052953303 ], [ 166543.800000097020529, 6842683.200001053512096 ], [ 166593.500000096857548, 6842720.700001053512096 ], [ 166646.700000096810982, 6842791.900001052767038 ], [ 166680.200000096578151, 6842767.60000105202198 ], [ 166750.500000096973963, 6842687.000001054257154 ], [ 166740.300000097020529, 6842667.10000105202198 ], [ 166509.100000097183511, 6842488.100001054815948 ], [ 166568.800000097136945, 6842462.600001053884625 ], [ 166625.800000096904114, 6842474.100001052953303 ], [ 166771.200000097160228, 6842392.600001055747271 ], [ 166848.100000096834265, 6842313.200001053512096 ], [ 166861.400000096880831, 6842309.500001054257154 ], [ 166929.800000097020529, 6842246.900001055561006 ], [ 166953.800000096904114, 6842235.600001053884625 ], [ 167030.200000096927397, 6842124.200001055374742 ], [ 167131.400000096997246, 6842228.400001054629683 ], [ 167162.200000096810982, 6842181.400001055561006 ], [ 167206.600000096834265, 6842087.700001055374742 ], [ 167315.600000096834265, 6841949.600001053884625 ], [ 167348.000000096857548, 6841930.900001054629683 ], [ 167461.700000096927397, 6841893.900001055561006 ], [ 167496.000000096857548, 6841892.400001055561006 ], [ 167546.700000096810982, 6841849.200001054443419 ], [ 167593.10000009695068, 6841827.700001056306064 ], [ 167619.500000096973963, 6841851.800001055002213 ], [ 167766.600000097067095, 6841840.400001057423651 ], [ 167784.900000096880831, 6841998.200001054443419 ], [ 167809.10000009695068, 6841992.600001055747271 ], [ 167872.300000096904114, 6842027.200001054443419 ], [ 167910.900000096764416, 6841954.000001055188477 ], [ 167945.900000096880831, 6841861.200001055374742 ], [ 167989.700000096810982, 6841865.0000010561198 ], [ 167998.800000097020529, 6841829.300001056864858 ], [ 167903.000000096857548, 6841797.700001055374742 ], [ 167922.800000097136945, 6841719.600001054815948 ], [ 167883.600000096834265, 6841709.100001054815948 ], [ 167928.500000096973963, 6841569.500001055188477 ], [ 167928.600000096834265, 6841519.600001054815948 ], [ 167956.900000096880831, 6841465.900001057423651 ], [ 167895.000000096857548, 6841441.200001056306064 ], [ 167913.900000097113661, 6841386.500001057982445 ], [ 167936.800000097020529, 6841354.500001057051122 ], [ 167977.900000097113661, 6841335.0000010561198 ], [ 168030.900000096997246, 6841287.500001057051122 ], [ 168150.600000097067095, 6841213.700001058168709 ], [ 168190.300000096904114, 6841178.200001057237387 ], [ 168110.400000096880831, 6841137.900001056492329 ], [ 168135.30000009725336, 6841103.100001058541238 ], [ 167997.000000097090378, 6841059.000001058913767 ], [ 167957.500000097090378, 6841009.80000105779618 ], [ 167880.700000096927397, 6841014.200001057237387 ], [ 167841.000000096973963, 6840999.700001057237387 ], [ 167869.60000009695068, 6840869.800001056864858 ], [ 167906.700000096927397, 6840803.0000010561198 ], [ 167951.600000097183511, 6840802.600001058541238 ], [ 168006.800000097136945, 6840827.200001057237387 ], [ 168086.800000097020529, 6840831.500001057982445 ], [ 168130.900000097113661, 6840856.200001057237387 ], [ 168200.900000096997246, 6840861.600001059472561 ], [ 168221.500000097090378, 6840806.500001058913767 ], [ 168206.300000096904114, 6840776.600001057609916 ], [ 168161.200000097043812, 6840766.000001058913767 ], [ 168001.400000097113661, 6840772.300001058727503 ], [ 167936.200000097043812, 6840747.80000105779618 ], [ 167906.000000097206794, 6840717.100001059472561 ], [ 167915.800000097136945, 6840698.000001058913767 ], [ 168010.200000097160228, 6840632.300001059658825 ], [ 168044.800000097136945, 6840582.000001058913767 ], [ 168079.700000097276643, 6840576.800001058727503 ], [ 168099.80000009725336, 6840537.200001058168709 ], [ 168048.200000097043812, 6840507.000001058913767 ], [ 167952.400000097346492, 6840494.600001060403883 ], [ 167957.400000097230077, 6840416.200001060962677 ], [ 167870.30000009725336, 6840395.000001058913767 ], [ 167868.400000097113661, 6840290.80000105779618 ], [ 167802.000000097323209, 6840284.900001061148942 ], [ 167814.200000097043812, 6840256.300001058727503 ], [ 167671.400000097462907, 6840197.900001061148942 ], [ 167659.30000009748619, 6840209.900001060217619 ], [ 167606.800000097369775, 6840190.800001059658825 ], [ 167584.80000009748619, 6840156.300001060590148 ], [ 167577.600000097299926, 6840063.700001060962677 ], [ 167629.200000097393058, 6839999.800001061521471 ], [ 167652.400000097346492, 6839946.200001060031354 ], [ 167679.600000097067095, 6839932.200001059100032 ], [ 167674.900000097462907, 6839864.400001062080264 ], [ 167720.200000097393058, 6839875.700001061894 ], [ 167925.900000097230077, 6839980.600001059472561 ], [ 167928.10000009695068, 6839959.400001059286296 ], [ 168030.30000009725336, 6839995.50000105984509 ], [ 168041.400000097113661, 6840059.600001059472561 ], [ 168221.300000097136945, 6840012.700001060031354 ], [ 168323.100000097183511, 6839934.200001060962677 ], [ 168445.400000096997246, 6839815.700001060031354 ], [ 168356.900000097230077, 6839770.000001060776412 ], [ 168304.800000097136945, 6839728.100001060403883 ], [ 168347.700000097276643, 6839642.800001060590148 ], [ 168302.900000097113661, 6839619.500001061707735 ], [ 168316.600000097183511, 6839547.900001062080264 ], [ 168478.400000097230077, 6839610.800001060590148 ], [ 168502.30000009748619, 6839577.600001062266529 ], [ 168546.900000097230077, 6839560.800001062452793 ], [ 168567.700000097160228, 6839531.100001060403883 ], [ 168359.300000097369775, 6839467.800001062452793 ], [ 168106.00000009755604, 6839435.50000106357038 ], [ 168108.000000097439624, 6839397.900001063011587 ], [ 168167.200000097276643, 6839292.000001061707735 ], [ 168059.600000097532757, 6839229.900001063011587 ], [ 168030.400000097346492, 6839261.000001060776412 ], [ 167936.00000009755604, 6839181.700001063756645 ], [ 167907.600000097416341, 6839088.700001063756645 ], [ 167864.500000097672455, 6838986.700001063756645 ], [ 167867.700000097509474, 6838933.200001063756645 ], [ 167802.300000097719021, 6838874.100001064129174 ], [ 167758.100000097649172, 6838849.400001063942909 ], [ 167708.200000097742304, 6838858.800001065246761 ], [ 167677.800000097602606, 6838809.100001063197851 ], [ 167717.400000097462907, 6838763.800001061521471 ], [ 167707.300000097835436, 6838738.900001064874232 ], [ 167631.900000097695738, 6838689.600001064129174 ], [ 167596.900000097579323, 6838684.800001062452793 ], [ 167527.100000097649172, 6838700.400001063942909 ], [ 167466.500000097672455, 6838629.900001065805554 ], [ 167357.00000009778887, 6838550.900001063942909 ], [ 167216.600000097649172, 6838487.000001064501703 ], [ 167136.20000009785872, 6838436.70000106561929 ], [ 167035.300000097835436, 6838312.600001063197851 ], [ 167035.100000097998418, 6838287.600001065991819 ], [ 167070.600000097882003, 6838232.400001066736877 ], [ 167149.300000097951852, 6838071.800001065246761 ] ] ] ] } }
]
}
